Filename,ID,Microscope,Objective,Mag,Accession,Ear /Bundles,Ear row,Ear Position,Spk position,Position type,taxon.code,View,Charred?
1516_TRI17251_A_R1_1of1_Tdicm_1x1_d_c,1516,Nikon,1x,1,TRI17251,A,R1,Base,1of1,Solo,Tdicm,d,c
1517_TRI17251_A_R1_1of1_Tdicm_1x1_l_c,1517,Nikon,1x,1,TRI17251,A,R1,Base,1of1,Solo,Tdicm,l,c
1518_TRI17251_A_R1_1of1_Tdicm_1x1_p_c,1518,Nikon,1x,1,TRI17251,A,R1,Base,1of1,Solo,Tdicm,p,c
1519_TRI17251_A_R2_1of1_Tdicm_1x1_d_c,1519,Nikon,1x,1,TRI17251,A,R2,Base,1of1,Solo,Tdicm,d,c
1520_TRI17251_A_R2_1of1_Tdicm_1x1_l_c,1520,Nikon,1x,1,TRI17251,A,R2,Base,1of1,Solo,Tdicm,l,c
1521_TRI17251_A_R2_1of1_Tdicm_1x1_p_c,1521,Nikon,1x,1,TRI17251,A,R2,Base,1of1,Solo,Tdicm,p,c
1522_TRI17251_A_R3_1of2_Tdicm_1x1_d_c,1522,Nikon,1x,1,TRI17251,A,R3,Base,1of2,External,Tdicm,d,c
1523_TRI17251_A_R3_1of2_Tdicm_1x1_l_c,1523,Nikon,1x,1,TRI17251,A,R3,Base,1of2,External,Tdicm,l,c
1524_TRI17251_A_R3_1of2_Tdicm_1x1_p_c,1524,Nikon,1x,1,TRI17251,A,R3,Base,1of2,External,Tdicm,p,c
1525_TRI17251_A_R9_1of1_Tdicm_1x1_d_c,1525,Nikon,1x,1,TRI17251,A,R9,Mid,1of1,Solo,Tdicm,d,c
1526_TRI17251_A_R9_1of1_Tdicm_1x1_l_c,1526,Nikon,1x,1,TRI17251,A,R9,Mid,1of1,Solo,Tdicm,l,c
1527_TRI17251_A_R9_1of1_Tdicm_1x1_p_c,1527,Nikon,1x,1,TRI17251,A,R9,Mid,1of1,Solo,Tdicm,p,c
1528_TRI17251_A_R10_1of2_Tdicm_1x1_d_c,1528,Nikon,1x,1,TRI17251,A,R10,Mid,1of2,External,Tdicm,d,c
1529_TRI17251_A_R10_1of2_Tdicm_1x1_l_c,1529,Nikon,1x,1,TRI17251,A,R10,Mid,1of2,External,Tdicm,l,c
1530_TRI17251_A_R10_1of2_Tdicm_1x1_p_c,1530,Nikon,1x,1,TRI17251,A,R10,Mid,1of2,External,Tdicm,p,c
1531_TRI17251_A_R10_2of2_Tdicm_1x1_d_c,1531,Nikon,1x,1,TRI17251,A,R10,Mid,2of2,External,Tdicm,d,c
1532_TRI17251_A_R10_2of2_Tdicm_1x1_l_c,1532,Nikon,1x,1,TRI17251,A,R10,Mid,2of2,External,Tdicm,l,c
1533_TRI17251_A_R10_2of2_Tdicm_1x1_p_c,1533,Nikon,1x,1,TRI17251,A,R10,Mid,2of2,External,Tdicm,p,c
1534_TRI17251_A_R17_1of2_Tdicm_1x1_d_c,1534,Nikon,1x,1,TRI17251,A,R17,Top,1of2,External,Tdicm,d,c
1535_TRI17251_A_R17_1of2_Tdicm_1x1_l_c,1535,Nikon,1x,1,TRI17251,A,R17,Top,1of2,External,Tdicm,l,c
1536_TRI17251_A_R17_1of2_Tdicm_1x1_p_c,1536,Nikon,1x,1,TRI17251,A,R17,Top,1of2,External,Tdicm,p,c
1537_TRI17251_A_R18_1of2_Tdicm_1x1_d_c,1537,Nikon,1x,1,TRI17251,A,R18,Top,1of2,External,Tdicm,d,c
1538_TRI17251_A_R18_1of2_Tdicm_1x1_l_c,1538,Nikon,1x,1,TRI17251,A,R18,Top,1of2,External,Tdicm,l,c
1539_TRI17251_A_R18_1of2_Tdicm_1x1_p_c,1539,Nikon,1x,1,TRI17251,A,R18,Top,1of2,External,Tdicm,p,c
1540_TRI17251_A_R18_2of2_Tdicm_1x1_d_c,1540,Nikon,1x,1,TRI17251,A,R18,Top,2of2,External,Tdicm,d,c
1541_TRI17251_A_R18_2of2_Tdicm_1x1_l_c,1541,Nikon,1x,1,TRI17251,A,R18,Top,2of2,External,Tdicm,l,c
1542_TRI17251_A_R18_2of2_Tdicm_1x1_p_c,1542,Nikon,1x,1,TRI17251,A,R18,Top,2of2,External,Tdicm,p,c
1543_TRI677_A_R1_1of2_Timo_1x1_d_c,1543,Nikon,1x,1,TRI677,A,R1,Base,1of2,External,Timo,d,c
1544_TRI677_A_R1_1of2_Timo_1x1_l_c,1544,Nikon,1x,1,TRI677,A,R1,Base,1of2,External,Timo,l,c
1545_TRI677_A_R1_1of2_Timo_1x1_p_c,1545,Nikon,1x,1,TRI677,A,R1,Base,1of2,External,Timo,p,c
1546_TRI677_A_R1_2of2_Timo_1x1_d_c,1546,Nikon,1x,1,TRI677,A,R1,Base,2of2,External,Timo,d,c
1547_TRI677_A_R1_2of2_Timo_1x1_l_c,1547,Nikon,1x,1,TRI677,A,R1,Base,2of2,External,Timo,l,c
1548_TRI677_A_R1_2of2_Timo_1x1_p_c,1548,Nikon,1x,1,TRI677,A,R1,Base,2of2,External,Timo,p,c
1549_TRI677_A_R2_1of2_Timo_1x1_d_c,1549,Nikon,1x,1,TRI677,A,R2,Base,1of2,External,Timo,d,c
1550_TRI677_A_R2_1of2_Timo_1x1_l_c,1550,Nikon,1x,1,TRI677,A,R2,Base,1of2,External,Timo,l,c
1551_TRI677_A_R2_1of2_Timo_1x1_p_c,1551,Nikon,1x,1,TRI677,A,R2,Base,1of2,External,Timo,p,c
1552_TRI677_A_R7_1of2_Timo_1x1_d_c,1552,Nikon,1x,1,TRI677,A,R7,Mid,1of2,External,Timo,d,c
1553_TRI677_A_R7_1of2_Timo_1x1_l_c,1553,Nikon,1x,1,TRI677,A,R7,Mid,1of2,External,Timo,l,c
1554_TRI677_A_R7_1of2_Timo_1x1_p_c,1554,Nikon,1x,1,TRI677,A,R7,Mid,1of2,External,Timo,p,c
1555_TRI677_A_R7_2of2_Timo_1x1_d_c,1555,Nikon,1x,1,TRI677,A,R7,Mid,2of2,External,Timo,d,c
1556_TRI677_A_R7_2of2_Timo_1x1_l_c,1556,Nikon,1x,1,TRI677,A,R7,Mid,2of2,External,Timo,l,c
1557_TRI677_A_R7_2of2_Timo_1x1_p_c,1557,Nikon,1x,1,TRI677,A,R7,Mid,2of2,External,Timo,p,c
1558_TRI677_A_R8_2of2_Timo_1x1_d_c,1558,Nikon,1x,1,TRI677,A,R8,Mid,2of2,External,Timo,d,c
1559_TRI677_A_R8_2of2_Timo_1x1_l_c,1559,Nikon,1x,1,TRI677,A,R8,Mid,2of2,External,Timo,l,c
1560_TRI677_A_R8_2of2_Timo_1x1_p_c,1560,Nikon,1x,1,TRI677,A,R8,Mid,2of2,External,Timo,p,c
1561_TRI677_A_R13_1of2_Timo_1x1_d_c,1561,Nikon,1x,1,TRI677,A,R13,Top,1of2,External,Timo,d,c
1562_TRI677_A_R13_1of2_Timo_1x1_l_c,1562,Nikon,1x,1,TRI677,A,R13,Top,1of2,External,Timo,l,c
1563_TRI677_A_R13_1of2_Timo_1x1_p_c,1563,Nikon,1x,1,TRI677,A,R13,Top,1of2,External,Timo,p,c
1564_TRI677_A_R13_2of2_Timo_1x1_d_c,1564,Nikon,1x,1,TRI677,A,R13,Top,2of2,External,Timo,d,c
1565_TRI677_A_R13_2of2_Timo_1x1_l_c,1565,Nikon,1x,1,TRI677,A,R13,Top,2of2,External,Timo,l,c
1566_TRI677_A_R13_2of2_Timo_1x1_p_c,1566,Nikon,1x,1,TRI677,A,R13,Top,2of2,External,Timo,p,c
1567_TRI677_A_R14_1of1_Timo_1x1_d_c,1567,Nikon,1x,1,TRI677,A,R14,Top,1of1,Solo,Timo,d,c
1568_TRI677_A_R14_1of1_Timo_1x1_l_c,1568,Nikon,1x,1,TRI677,A,R14,Top,1of1,Solo,Timo,l,c
1569_TRI677_A_R14_1of1_Timo_1x1_p_c,1569,Nikon,1x,1,TRI677,A,R14,Top,1of1,Solo,Timo,p,c
1759_TRI677_B_R1_1of2_Timo_1x1_d_c,1759,Nikon,1x,1,TRI677,B,R1,Base,1of2,External,Timo,d,c
1760_TRI677_B_R1_1of2_Timo_1x1_l_c,1760,Nikon,1x,1,TRI677,B,R1,Base,1of2,External,Timo,l,c
1761_TRI677_B_R1_1of2_Timo_1x1_p_c,1761,Nikon,1x,1,TRI677,B,R1,Base,1of2,External,Timo,p,c
1762_TRI677_B_R1_2of2_Timo_1x1_d_c,1762,Nikon,1x,1,TRI677,B,R1,Base,2of2,External,Timo,d,c
1763_TRI677_B_R1_2of2_Timo_1x1_l_c,1763,Nikon,1x,1,TRI677,B,R1,Base,2of2,External,Timo,l,c
1764_TRI677_B_R1_2of2_Timo_1x1_p_c,1764,Nikon,1x,1,TRI677,B,R1,Base,2of2,External,Timo,p,c
1765_TRI677_B_R2_1of2_Timo_1x1_d_c,1765,Nikon,1x,1,TRI677,B,R2,Base,1of2,External,Timo,d,c
1766_TRI677_B_R2_1of2_Timo_1x1_l_c,1766,Nikon,1x,1,TRI677,B,R2,Base,1of2,External,Timo,l,c
1767_TRI677_B_R2_1of2_Timo_1x1_p_c,1767,Nikon,1x,1,TRI677,B,R2,Base,1of2,External,Timo,p,c
1768_TRI677_B_R6_1of2_Timo_1x1_d_c,1768,Nikon,1x,1,TRI677,B,R6,Mid,1of2,External,Timo,d,c
1769_TRI677_B_R6_1of2_Timo_1x1_l_c,1769,Nikon,1x,1,TRI677,B,R6,Mid,1of2,External,Timo,l,c
1770_TRI677_B_R6_1of2_Timo_1x1_p_c,1770,Nikon,1x,1,TRI677,B,R6,Mid,1of2,External,Timo,p,c
1771_TRI677_B_R6_2of2_Timo_1x1_d_c,1771,Nikon,1x,1,TRI677,B,R6,Mid,2of2,External,Timo,d,c
1772_TRI677_B_R6_2of2_Timo_1x1_l_c,1772,Nikon,1x,1,TRI677,B,R6,Mid,2of2,External,Timo,l,c
1773_TRI677_B_R6_2of2_Timo_1x1_p_c,1773,Nikon,1x,1,TRI677,B,R6,Mid,2of2,External,Timo,p,c
1774_TRI677_B_R7_2of2_Timo_1x1_d_c,1774,Nikon,1x,1,TRI677,B,R7,Mid,2of2,External,Timo,d,c
1775_TRI677_B_R7_2of2_Timo_1x1_l_c,1775,Nikon,1x,1,TRI677,B,R7,Mid,2of2,External,Timo,l,c
1776_TRI677_B_R7_2of2_Timo_1x1_p_c,1776,Nikon,1x,1,TRI677,B,R7,Mid,2of2,External,Timo,p,c
1777_TRI677_B_R9_1of2_Timo_1x1_d_c,1777,Nikon,1x,1,TRI677,B,R9,Top,1of2,External,Timo,d,c
1778_TRI677_B_R9_1of2_Timo_1x1_l_c,1778,Nikon,1x,1,TRI677,B,R9,Top,1of2,External,Timo,l,c
1779_TRI677_B_R9_1of2_Timo_1x1_p_c,1779,Nikon,1x,1,TRI677,B,R9,Top,1of2,External,Timo,p,c
1780_TRI677_B_R10_1of1_Timo_1x1_d_c,1780,Nikon,1x,1,TRI677,B,R10,Top,1of1,Solo,Timo,d,c
1781_TRI677_B_R10_1of1_Timo_1x1_l_c,1781,Nikon,1x,1,TRI677,B,R10,Top,1of1,Solo,Timo,l,c
1782_TRI677_B_R10_1of1_Timo_1x1_p_c,1782,Nikon,1x,1,TRI677,B,R10,Top,1of1,Solo,Timo,p,c
1783_TRI677_B_R11_1of1_Timo_1x1_d_c,1783,Nikon,1x,1,TRI677,B,R11,Top,1of1,Solo,Timo,d,c
1784_TRI677_B_R11_1of1_Timo_1x1_l_c,1784,Nikon,1x,1,TRI677,B,R11,Top,1of1,Solo,Timo,l,c
1785_TRI677_B_R11_1of1_Timo_1x1_p_c,1785,Nikon,1x,1,TRI677,B,R11,Top,1of1,Solo,Timo,p,c
1786_TRI677_C_R1_1of2_Timo_1x1_d_c,1786,Nikon,1x,1,TRI677,C,R1,Base,1of2,External,Timo,d,c
1787_TRI677_C_R1_1of2_Timo_1x1_l_c,1787,Nikon,1x,1,TRI677,C,R1,Base,1of2,External,Timo,l,c
1788_TRI677_C_R1_1of2_Timo_1x1_p_c,1788,Nikon,1x,1,TRI677,C,R1,Base,1of2,External,Timo,p,c
1789_TRI677_C_R1_2of2_Timo_1x1_d_c,1789,Nikon,1x,1,TRI677,C,R1,Base,2of2,External,Timo,d,c
1790_TRI677_C_R1_2of2_Timo_1x1_l_c,1790,Nikon,1x,1,TRI677,C,R1,Base,2of2,External,Timo,l,c
1791_TRI677_C_R1_2of2_Timo_1x1_p_c,1791,Nikon,1x,1,TRI677,C,R1,Base,2of2,External,Timo,p,c
1792_TRI677_C_R2_2of2_Timo_1x1_d_c,1792,Nikon,1x,1,TRI677,C,R2,Base,2of2,External,Timo,d,c
1793_TRI677_C_R2_2of2_Timo_1x1_l_c,1793,Nikon,1x,1,TRI677,C,R2,Base,2of2,External,Timo,l,c
1794_TRI677_C_R2_2of2_Timo_1x1_p_c,1794,Nikon,1x,1,TRI677,C,R2,Base,2of2,External,Timo,p,c
1795_TRI677_C_R7_1of2_Timo_1x1_d_c,1795,Nikon,1x,1,TRI677,C,R7,Mid,1of2,External,Timo,d,c
1796_TRI677_C_R7_1of2_Timo_1x1_l_c,1796,Nikon,1x,1,TRI677,C,R7,Mid,1of2,External,Timo,l,c
1797_TRI677_C_R7_1of2_Timo_1x1_p_c,1797,Nikon,1x,1,TRI677,C,R7,Mid,1of2,External,Timo,p,c
1798_TRI677_C_R7_2of2_Timo_1x1_d_c,1798,Nikon,1x,1,TRI677,C,R7,Mid,2of2,External,Timo,d,c
1799_TRI677_C_R7_2of2_Timo_1x1_l_c,1799,Nikon,1x,1,TRI677,C,R7,Mid,2of2,External,Timo,l,c
1800_TRI677_C_R7_2of2_Timo_1x1_p_c,1800,Nikon,1x,1,TRI677,C,R7,Mid,2of2,External,Timo,p,c
1801_TRI677_C_R8_1of2_Timo_1x1_d_c,1801,Nikon,1x,1,TRI677,C,R8,Mid,1of2,External,Timo,d,c
1802_TRI677_C_R8_1of2_Timo_1x1_l_c,1802,Nikon,1x,1,TRI677,C,R8,Mid,1of2,External,Timo,l,c
1803_TRI677_C_R8_1of2_Timo_1x1_p_c,1803,Nikon,1x,1,TRI677,C,R8,Mid,1of2,External,Timo,p,c
1804_TRI677_C_R13_1of2_Timo_1x1_d_c,1804,Nikon,1x,1,TRI677,C,R13,Top,1of2,External,Timo,d,c
1805_TRI677_C_R13_1of2_Timo_1x1_l_c,1805,Nikon,1x,1,TRI677,C,R13,Top,1of2,External,Timo,l,c
1806_TRI677_C_R13_1of2_Timo_1x1_p_c,1806,Nikon,1x,1,TRI677,C,R13,Top,1of2,External,Timo,p,c
1807_TRI677_C_R13_2of2_Timo_1x1_d_c,1807,Nikon,1x,1,TRI677,C,R13,Top,2of2,External,Timo,d,c
1808_TRI677_C_R13_2of2_Timo_1x1_l_c,1808,Nikon,1x,1,TRI677,C,R13,Top,2of2,External,Timo,l,c
1809_TRI677_C_R13_2of2_Timo_1x1_p_c,1809,Nikon,1x,1,TRI677,C,R13,Top,2of2,External,Timo,p,c
1810_TRI677_C_R14_1of1_Timo_1x1_d_c,1810,Nikon,1x,1,TRI677,C,R14,Top,1of1,Solo,Timo,d,c
1811_TRI677_C_R14_1of1_Timo_1x1_l_c,1811,Nikon,1x,1,TRI677,C,R14,Top,1of1,Solo,Timo,l,c
1812_TRI677_C_R14_1of1_Timo_1x1_p_c,1812,Nikon,1x,1,TRI677,C,R14,Top,1of1,Solo,Timo,p,c
1867_T1160001_A_R1_2of2_Timo_1x1_d_c,1867,Nikon,1x,1,T1160001,A,R1,Base,2of2,External,Timo,d,c
1868_T1160001_A_R1_2of2_Timo_1x1_l_c,1868,Nikon,1x,1,T1160001,A,R1,Base,2of2,External,Timo,l,c
1869_T1160001_A_R1_2of2_Timo_1x1_p_c,1869,Nikon,1x,1,T1160001,A,R1,Base,2of2,External,Timo,p,c
1870_T1160001_A_R2_1of2_Timo_1x1_d_c,1870,Nikon,1x,1,T1160001,A,R2,Base,1of2,External,Timo,d,c
1871_T1160001_A_R2_1of2_Timo_1x1_l_c,1871,Nikon,1x,1,T1160001,A,R2,Base,1of2,External,Timo,l,c
1872_T1160001_A_R2_1of2_Timo_1x1_p_c,1872,Nikon,1x,1,T1160001,A,R2,Base,1of2,External,Timo,p,c
1873_T1160001_A_R2_2of2_Timo_1x1_d_c,1873,Nikon,1x,1,T1160001,A,R2,Base,2of2,External,Timo,d,c
1874_T1160001_A_R2_2of2_Timo_1x1_l_c,1874,Nikon,1x,1,T1160001,A,R2,Base,2of2,External,Timo,l,c
1875_T1160001_A_R2_2of2_Timo_1x1_p_c,1875,Nikon,1x,1,T1160001,A,R2,Base,2of2,External,Timo,p,c
1876_T1160001_A_R11_1of2_Timo_1x1_d_c,1876,Nikon,1x,1,T1160001,A,R11,Mid,1of2,External,Timo,d,c
1877_T1160001_A_R11_1of2_Timo_1x1_l_c,1877,Nikon,1x,1,T1160001,A,R11,Mid,1of2,External,Timo,l,c
1878_T1160001_A_R11_1of2_Timo_1x1_p_c,1878,Nikon,1x,1,T1160001,A,R11,Mid,1of2,External,Timo,p,c
1879_T1160001_A_R11_2of2_Timo_1x1_d_c,1879,Nikon,1x,1,T1160001,A,R11,Mid,2of2,External,Timo,d,c
1880_T1160001_A_R11_2of2_Timo_1x1_l_c,1880,Nikon,1x,1,T1160001,A,R11,Mid,2of2,External,Timo,l,c
1881_T1160001_A_R11_2of2_Timo_1x1_p_c,1881,Nikon,1x,1,T1160001,A,R11,Mid,2of2,External,Timo,p,c
1882_T1160001_A_R12_1of2_Timo_1x1_d_c,1882,Nikon,1x,1,T1160001,A,R12,Mid,1of2,External,Timo,d,c
1883_T1160001_A_R12_1of2_Timo_1x1_l_c,1883,Nikon,1x,1,T1160001,A,R12,Mid,1of2,External,Timo,l,c
1884_T1160001_A_R12_1of2_Timo_1x1_p_c,1884,Nikon,1x,1,T1160001,A,R12,Mid,1of2,External,Timo,p,c
1885_T1160001_A_R20_2of2_Timo_1x1_d_c,1885,Nikon,1x,1,T1160001,A,R20,Top,2of2,External,Timo,d,c
1886_T1160001_A_R20_2of2_Timo_1x1_l_c,1886,Nikon,1x,1,T1160001,A,R20,Top,2of2,External,Timo,l,c
1887_T1160001_A_R20_2of2_Timo_1x1_p_c,1887,Nikon,1x,1,T1160001,A,R20,Top,2of2,External,Timo,p,c
1888_T1160001_A_R21_1of1_Timo_1x1_d_c,1888,Nikon,1x,1,T1160001,A,R21,Top,1of1,Solo,Timo,d,c
1889_T1160001_A_R21_1of1_Timo_1x1_l_c,1889,Nikon,1x,1,T1160001,A,R21,Top,1of1,Solo,Timo,l,c
1890_T1160001_A_R21_1of1_Timo_1x1_p_c,1890,Nikon,1x,1,T1160001,A,R21,Top,1of1,Solo,Timo,p,c
1891_T1160001_A_R22_1of1_Timo_1x1_d_c,1891,Nikon,1x,1,T1160001,A,R22,Top,1of1,Solo,Timo,d,c
1892_T1160001_A_R22_1of1_Timo_1x1_l_c,1892,Nikon,1x,1,T1160001,A,R22,Top,1of1,Solo,Timo,l,c
1893_T1160001_A_R22_1of1_Timo_1x1_p_c,1893,Nikon,1x,1,T1160001,A,R22,Top,1of1,Solo,Timo,p,c
1894_T1160001_B_R1_1of2_Timo_1x1_d_c,1894,Nikon,1x,1,T1160001,B,R1,Base,1of2,External,Timo,d,c
1895_T1160001_B_R1_1of2_Timo_1x1_l_c,1895,Nikon,1x,1,T1160001,B,R1,Base,1of2,External,Timo,l,c
1896_T1160001_B_R1_1of2_Timo_1x1_p_c,1896,Nikon,1x,1,T1160001,B,R1,Base,1of2,External,Timo,p,c
1897_T1160001_B_R1_2of2_Timo_1x1_d_c,1897,Nikon,1x,1,T1160001,B,R1,Base,2of2,External,Timo,d,c
1898_T1160001_B_R1_2of2_Timo_1x1_l_c,1898,Nikon,1x,1,T1160001,B,R1,Base,2of2,External,Timo,l,c
1899_T1160001_B_R1_2of2_Timo_1x1_p_c,1899,Nikon,1x,1,T1160001,B,R1,Base,2of2,External,Timo,p,c
1900_T1160001_B_R2_1of2_Timo_1x1_d_c,1900,Nikon,1x,1,T1160001,B,R2,Base,1of2,External,Timo,d,c
1901_T1160001_B_R2_1of2_Timo_1x1_l_c,1901,Nikon,1x,1,T1160001,B,R2,Base,1of2,External,Timo,l,c
1902_T1160001_B_R2_1of2_Timo_1x1_p_c,1902,Nikon,1x,1,T1160001,B,R2,Base,1of2,External,Timo,p,c
1903_T1160001_B_R10_1of2_Timo_1x1_d_c,1903,Nikon,1x,1,T1160001,B,R10,Mid,1of2,External,Timo,d,c
1904_T1160001_B_R10_1of2_Timo_1x1_l_c,1904,Nikon,1x,1,T1160001,B,R10,Mid,1of2,External,Timo,l,c
1905_T1160001_B_R10_1of2_Timo_1x1_p_c,1905,Nikon,1x,1,T1160001,B,R10,Mid,1of2,External,Timo,p,c
1906_T1160001_B_R10_2of2_Timo_1x1_d_c,1906,Nikon,1x,1,T1160001,B,R10,Mid,2of2,External,Timo,d,c
1907_T1160001_B_R10_2of2_Timo_1x1_l_c,1907,Nikon,1x,1,T1160001,B,R10,Mid,2of2,External,Timo,l,c
1908_T1160001_B_R10_2of2_Timo_1x1_p_c,1908,Nikon,1x,1,T1160001,B,R10,Mid,2of2,External,Timo,p,c
1909_T1160001_B_R11_2of2_Timo_1x1_d_c,1909,Nikon,1x,1,T1160001,B,R11,Mid,2of2,External,Timo,d,c
1910_T1160001_B_R11_2of2_Timo_1x1_l_c,1910,Nikon,1x,1,T1160001,B,R11,Mid,2of2,External,Timo,l,c
1911_T1160001_B_R11_2of2_Timo_1x1_p_c,1911,Nikon,1x,1,T1160001,B,R11,Mid,2of2,External,Timo,p,c
1912_T1160001_B_R18_1of1_Timo_1x1_d_c,1912,Nikon,1x,1,T1160001,B,R18,Top,1of1,Solo,Timo,d,c
1913_T1160001_B_R18_1of1_Timo_1x1_l_c,1913,Nikon,1x,1,T1160001,B,R18,Top,1of1,Solo,Timo,l,c
1914_T1160001_B_R18_1of1_Timo_1x1_p_c,1914,Nikon,1x,1,T1160001,B,R18,Top,1of1,Solo,Timo,p,c
1915_T1160001_B_R19_1of1_Timo_1x1_d_c,1915,Nikon,1x,1,T1160001,B,R19,Top,1of1,Solo,Timo,d,c
1916_T1160001_B_R19_1of1_Timo_1x1_l_c,1916,Nikon,1x,1,T1160001,B,R19,Top,1of1,Solo,Timo,l,c
1917_T1160001_B_R19_1of1_Timo_1x1_p_c,1917,Nikon,1x,1,T1160001,B,R19,Top,1of1,Solo,Timo,p,c
1918_T1160001_B_R20_1of1_Timo_1x1_d_c,1918,Nikon,1x,1,T1160001,B,R20,Top,1of1,Solo,Timo,d,c
1919_T1160001_B_R20_1of1_Timo_1x1_l_c,1919,Nikon,1x,1,T1160001,B,R20,Top,1of1,Solo,Timo,l,c
1920_T1160001_B_R20_1of1_Timo_1x1_p_c,1920,Nikon,1x,1,T1160001,B,R20,Top,1of1,Solo,Timo,p,c
1921_T1160001_C_R1_1of1_Timo_1x1_d_c,1921,Nikon,1x,1,T1160001,C,R1,Base,1of1,Solo,Timo,d,c
1922_T1160001_C_R1_1of1_Timo_1x1_l_c,1922,Nikon,1x,1,T1160001,C,R1,Base,1of1,Solo,Timo,l,c
1923_T1160001_C_R1_1of1_Timo_1x1_p_c,1923,Nikon,1x,1,T1160001,C,R1,Base,1of1,Solo,Timo,p,c
1924_T1160001_C_R2_1of2_Timo_1x1_d_c,1924,Nikon,1x,1,T1160001,C,R2,Base,1of2,External,Timo,d,c
1925_T1160001_C_R2_1of2_Timo_1x1_l_c,1925,Nikon,1x,1,T1160001,C,R2,Base,1of2,External,Timo,l,c
1926_T1160001_C_R2_1of2_Timo_1x1_p_c,1926,Nikon,1x,1,T1160001,C,R2,Base,1of2,External,Timo,p,c
1927_T1160001_C_R2_2of2_Timo_1x1_d_c,1927,Nikon,1x,1,T1160001,C,R2,Base,2of2,External,Timo,d,c
1928_T1160001_C_R2_2of2_Timo_1x1_l_c,1928,Nikon,1x,1,T1160001,C,R2,Base,2of2,External,Timo,l,c
1929_T1160001_C_R2_2of2_Timo_1x1_p_c,1929,Nikon,1x,1,T1160001,C,R2,Base,2of2,External,Timo,p,c
1930_T1160001_C_R11_1of2_Timo_1x1_d_c,1930,Nikon,1x,1,T1160001,C,R11,Mid,1of2,External,Timo,d,c
1931_T1160001_C_R11_1of2_Timo_1x1_l_c,1931,Nikon,1x,1,T1160001,C,R11,Mid,1of2,External,Timo,l,c
1932_T1160001_C_R11_1of2_Timo_1x1_p_c,1932,Nikon,1x,1,T1160001,C,R11,Mid,1of2,External,Timo,p,c
1933_T1160001_C_R11_2of2_Timo_1x1_d_c,1933,Nikon,1x,1,T1160001,C,R11,Mid,2of2,External,Timo,d,c
1934_T1160001_C_R11_2of2_Timo_1x1_l_c,1934,Nikon,1x,1,T1160001,C,R11,Mid,2of2,External,Timo,l,c
1935_T1160001_C_R11_2of2_Timo_1x1_p_c,1935,Nikon,1x,1,T1160001,C,R11,Mid,2of2,External,Timo,p,c
1936_T1160001_C_R12_2of2_Timo_1x1_d_c,1936,Nikon,1x,1,T1160001,C,R12,Mid,2of2,External,Timo,d,c
1937_T1160001_C_R12_2of2_Timo_1x1_l_c,1937,Nikon,1x,1,T1160001,C,R12,Mid,2of2,External,Timo,l,c
1938_T1160001_C_R12_2of2_Timo_1x1_p_c,1938,Nikon,1x,1,T1160001,C,R12,Mid,2of2,External,Timo,p,c
1939_T1160001_C_R20_1of2_Timo_1x1_d_c,1939,Nikon,1x,1,T1160001,C,R20,Top,1of2,External,Timo,d,c
1940_T1160001_C_R20_1of2_Timo_1x1_l_c,1940,Nikon,1x,1,T1160001,C,R20,Top,1of2,External,Timo,l,c
1941_T1160001_C_R20_1of2_Timo_1x1_p_c,1941,Nikon,1x,1,T1160001,C,R20,Top,1of2,External,Timo,p,c
1942_T1160001_C_R21_1of1_Timo_1x1_d_c,1942,Nikon,1x,1,T1160001,C,R21,Top,1of1,Solo,Timo,d,c
1943_T1160001_C_R21_1of1_Timo_1x1_l_c,1943,Nikon,1x,1,T1160001,C,R21,Top,1of1,Solo,Timo,l,c
1944_T1160001_C_R21_1of1_Timo_1x1_p_c,1944,Nikon,1x,1,T1160001,C,R21,Top,1of1,Solo,Timo,p,c
1945_T1160001_C_R22_1of1_Timo_1x1_d_c,1945,Nikon,1x,1,T1160001,C,R22,Top,1of1,Solo,Timo,d,c
1946_T1160001_C_R22_1of1_Timo_1x1_l_c,1946,Nikon,1x,1,T1160001,C,R22,Top,1of1,Solo,Timo,l,c
1947_T1160001_C_R22_1of1_Timo_1x1_p_c,1947,Nikon,1x,1,T1160001,C,R22,Top,1of1,Solo,Timo,p,c
1948_T1070018_A_R1_1of2_Tdicm_1x1_d_c,1948,Nikon,1x,1,T1070018,A,R1,Base,1of2,External,Tdicm,d,c
1949_T1070018_A_R1_1of2_Tdicm_1x1_l_c,1949,Nikon,1x,1,T1070018,A,R1,Base,1of2,External,Tdicm,l,c
1950_T1070018_A_R1_1of2_Tdicm_1x1_p_c,1950,Nikon,1x,1,T1070018,A,R1,Base,1of2,External,Tdicm,p,c
1951_T1070018_A_R1_2of2_Tdicm_1x1_d_c,1951,Nikon,1x,1,T1070018,A,R1,Base,2of2,External,Tdicm,d,c
1952_T1070018_A_R1_2of2_Tdicm_1x1_l_c,1952,Nikon,1x,1,T1070018,A,R1,Base,2of2,External,Tdicm,l,c
1953_T1070018_A_R1_2of2_Tdicm_1x1_p_c,1953,Nikon,1x,1,T1070018,A,R1,Base,2of2,External,Tdicm,p,c
1954_T1070018_A_R2_1of2_Tdicm_1x1_d_c,1954,Nikon,1x,1,T1070018,A,R2,Base,1of2,External,Tdicm,d,c
1955_T1070018_A_R2_1of2_Tdicm_1x1_l_c,1955,Nikon,1x,1,T1070018,A,R2,Base,1of2,External,Tdicm,l,c
1956_T1070018_A_R2_1of2_Tdicm_1x1_p_c,1956,Nikon,1x,1,T1070018,A,R2,Base,1of2,External,Tdicm,p,c
1957_T1070018_A_R9_1of2_Tdicm_1x1_d_c,1957,Nikon,1x,1,T1070018,A,R9,Mid,1of2,External,Tdicm,d,c
1958_T1070018_A_R9_1of2_Tdicm_1x1_l_c,1958,Nikon,1x,1,T1070018,A,R9,Mid,1of2,External,Tdicm,l,c
1959_T1070018_A_R9_1of2_Tdicm_1x1_p_c,1959,Nikon,1x,1,T1070018,A,R9,Mid,1of2,External,Tdicm,p,c
1960_T1070018_A_R9_2of2_Tdicm_1x1_d_c,1960,Nikon,1x,1,T1070018,A,R9,Mid,2of2,External,Tdicm,d,c
1961_T1070018_A_R9_2of2_Tdicm_1x1_l_c,1961,Nikon,1x,1,T1070018,A,R9,Mid,2of2,External,Tdicm,l,c
1962_T1070018_A_R9_2of2_Tdicm_1x1_p_c,1962,Nikon,1x,1,T1070018,A,R9,Mid,2of2,External,Tdicm,p,c
1963_T1070018_A_R10_2of2_Tdicm_1x1_d_c,1963,Nikon,1x,1,T1070018,A,R10,Mid,2of2,External,Tdicm,d,c
1964_T1070018_A_R10_2of2_Tdicm_1x1_l_c,1964,Nikon,1x,1,T1070018,A,R10,Mid,2of2,External,Tdicm,l,c
1965_T1070018_A_R10_2of2_Tdicm_1x1_p_c,1965,Nikon,1x,1,T1070018,A,R10,Mid,2of2,External,Tdicm,p,c
1966_T1070018_A_R16_1of2_Tdicm_1x1_d_c,1966,Nikon,1x,1,T1070018,A,R16,Top,1of2,External,Tdicm,d,c
1967_T1070018_A_R16_1of2_Tdicm_1x1_l_c,1967,Nikon,1x,1,T1070018,A,R16,Top,1of2,External,Tdicm,l,c
1968_T1070018_A_R16_1of2_Tdicm_1x1_p_c,1968,Nikon,1x,1,T1070018,A,R16,Top,1of2,External,Tdicm,p,c
1969_T1070018_A_R16_2of2_Tdicm_1x1_d_c,1969,Nikon,1x,1,T1070018,A,R16,Top,2of2,External,Tdicm,d,c
1970_T1070018_A_R16_2of2_Tdicm_1x1_l_c,1970,Nikon,1x,1,T1070018,A,R16,Top,2of2,External,Tdicm,l,c
1971_T1070018_A_R16_2of2_Tdicm_1x1_p_c,1971,Nikon,1x,1,T1070018,A,R16,Top,2of2,External,Tdicm,p,c
1972_T1070018_A_R17_1of1_Tdicm_1x1_d_c,1972,Nikon,1x,1,T1070018,A,R17,Top,1of1,Solo,Tdicm,d,c
1973_T1070018_A_R17_1of1_Tdicm_1x1_l_c,1973,Nikon,1x,1,T1070018,A,R17,Top,1of1,Solo,Tdicm,l,c
1974_T1070018_A_R17_1of1_Tdicm_1x1_p_c,1974,Nikon,1x,1,T1070018,A,R17,Top,1of1,Solo,Tdicm,p,c
1975_T1070018_B_R1_1of2_Tdicm_1x1_d_c,1975,Nikon,1x,1,T1070018,B,R1,Base,1of2,External,Tdicm,d,c
1976_T1070018_B_R1_1of2_Tdicm_1x1_l_c,1976,Nikon,1x,1,T1070018,B,R1,Base,1of2,External,Tdicm,l,c
1977_T1070018_B_R1_1of2_Tdicm_1x1_p_c,1977,Nikon,1x,1,T1070018,B,R1,Base,1of2,External,Tdicm,p,c
1978_T1070018_B_R1_2of2_Tdicm_1x1_d_c,1978,Nikon,1x,1,T1070018,B,R1,Base,2of2,External,Tdicm,d,c
1979_T1070018_B_R1_2of2_Tdicm_1x1_l_c,1979,Nikon,1x,1,T1070018,B,R1,Base,2of2,External,Tdicm,l,c
1980_T1070018_B_R1_2of2_Tdicm_1x1_p_c,1980,Nikon,1x,1,T1070018,B,R1,Base,2of2,External,Tdicm,p,c
1981_T1070018_B_R2_2of2_Tdicm_1x1_d_c,1981,Nikon,1x,1,T1070018,B,R2,Base,2of2,External,Tdicm,d,c
1982_T1070018_B_R2_2of2_Tdicm_1x1_l_c,1982,Nikon,1x,1,T1070018,B,R2,Base,2of2,External,Tdicm,l,c
1983_T1070018_B_R2_2of2_Tdicm_1x1_p_c,1983,Nikon,1x,1,T1070018,B,R2,Base,2of2,External,Tdicm,p,c
1984_T1070018_B_R9_1of2_Tdicm_1x1_d_c,1984,Nikon,1x,1,T1070018,B,R9,Mid,1of2,External,Tdicm,d,c
1985_T1070018_B_R9_1of2_Tdicm_1x1_l_c,1985,Nikon,1x,1,T1070018,B,R9,Mid,1of2,External,Tdicm,l,c
1986_T1070018_B_R9_1of2_Tdicm_1x1_p_c,1986,Nikon,1x,1,T1070018,B,R9,Mid,1of2,External,Tdicm,p,c
1987_T1070018_B_R9_2of2_Tdicm_1x1_d_c,1987,Nikon,1x,1,T1070018,B,R9,Mid,2of2,External,Tdicm,d,c
1988_T1070018_B_R9_2of2_Tdicm_1x1_l_c,1988,Nikon,1x,1,T1070018,B,R9,Mid,2of2,External,Tdicm,l,c
1989_T1070018_B_R9_2of2_Tdicm_1x1_p_c,1989,Nikon,1x,1,T1070018,B,R9,Mid,2of2,External,Tdicm,p,c
1990_T1070018_B_R10_1of2_Tdicm_1x1_d_c,1990,Nikon,1x,1,T1070018,B,R10,Mid,1of2,External,Tdicm,d,c
1991_T1070018_B_R10_1of2_Tdicm_1x1_l_c,1991,Nikon,1x,1,T1070018,B,R10,Mid,1of2,External,Tdicm,l,c
1992_T1070018_B_R10_1of2_Tdicm_1x1_p_c,1992,Nikon,1x,1,T1070018,B,R10,Mid,1of2,External,Tdicm,p,c
1993_T1070018_B_R17_1of2_Tdicm_1x1_d_c,1993,Nikon,1x,1,T1070018,B,R17,Top,1of2,External,Tdicm,d,c
1994_T1070018_B_R17_1of2_Tdicm_1x1_l_c,1994,Nikon,1x,1,T1070018,B,R17,Top,1of2,External,Tdicm,l,c
1995_T1070018_B_R17_1of2_Tdicm_1x1_p_c,1995,Nikon,1x,1,T1070018,B,R17,Top,1of2,External,Tdicm,p,c
1996_T1070018_B_R17_2of2_Tdicm_1x1_d_c,1996,Nikon,1x,1,T1070018,B,R17,Top,2of2,External,Tdicm,d,c
1997_T1070018_B_R17_2of2_Tdicm_1x1_l_c,1997,Nikon,1x,1,T1070018,B,R17,Top,2of2,External,Tdicm,l,c
1998_T1070018_B_R17_2of2_Tdicm_1x1_p_c,1998,Nikon,1x,1,T1070018,B,R17,Top,2of2,External,Tdicm,p,c
1999_T1070018_B_R19_1of1_Tdicm_1x1_d_c,1999,Nikon,1x,1,T1070018,B,R19,Top,1of1,Solo,Tdicm,d,c
2000_T1070018_B_R19_1of1_Tdicm_1x1_l_c,2000,Nikon,1x,1,T1070018,B,R19,Top,1of1,Solo,Tdicm,l,c
2001_T1070018_B_R19_1of1_Tdicm_1x1_p_c,2001,Nikon,1x,1,T1070018,B,R19,Top,1of1,Solo,Tdicm,p,c
2002_T1070018_C_R1_1of2_Tdicm_1x1_d_c,2002,Nikon,1x,1,T1070018,C,R1,Base,1of2,External,Tdicm,d,c
2003_T1070018_C_R1_1of2_Tdicm_1x1_l_c,2003,Nikon,1x,1,T1070018,C,R1,Base,1of2,External,Tdicm,l,c
2004_T1070018_C_R1_1of2_Tdicm_1x1_p_c,2004,Nikon,1x,1,T1070018,C,R1,Base,1of2,External,Tdicm,p,c
2005_T1070018_C_R1_2of2_Tdicm_1x1_d_c,2005,Nikon,1x,1,T1070018,C,R1,Base,2of2,External,Tdicm,d,c
2006_T1070018_C_R1_2of2_Tdicm_1x1_l_c,2006,Nikon,1x,1,T1070018,C,R1,Base,2of2,External,Tdicm,l,c
2007_T1070018_C_R1_2of2_Tdicm_1x1_p_c,2007,Nikon,1x,1,T1070018,C,R1,Base,2of2,External,Tdicm,p,c
2008_T1070018_C_R2_1of2_Tdicm_1x1_d_c,2008,Nikon,1x,1,T1070018,C,R2,Base,1of2,External,Tdicm,d,c
2009_T1070018_C_R2_1of2_Tdicm_1x1_l_c,2009,Nikon,1x,1,T1070018,C,R2,Base,1of2,External,Tdicm,l,c
2010_T1070018_C_R2_1of2_Tdicm_1x1_p_c,2010,Nikon,1x,1,T1070018,C,R2,Base,1of2,External,Tdicm,p,c
2011_T1070018_C_R10_1of2_Tdicm_1x1_d_c,2011,Nikon,1x,1,T1070018,C,R10,Mid,1of2,External,Tdicm,d,c
2012_T1070018_C_R10_1of2_Tdicm_1x1_l_c,2012,Nikon,1x,1,T1070018,C,R10,Mid,1of2,External,Tdicm,l,c
2013_T1070018_C_R10_1of2_Tdicm_1x1_p_c,2013,Nikon,1x,1,T1070018,C,R10,Mid,1of2,External,Tdicm,p,c
2014_T1070018_C_R10_2of2_Tdicm_1x1_d_c,2014,Nikon,1x,1,T1070018,C,R10,Mid,2of2,External,Tdicm,d,c
2015_T1070018_C_R10_2of2_Tdicm_1x1_l_c,2015,Nikon,1x,1,T1070018,C,R10,Mid,2of2,External,Tdicm,l,c
2016_T1070018_C_R10_2of2_Tdicm_1x1_p_c,2016,Nikon,1x,1,T1070018,C,R10,Mid,2of2,External,Tdicm,p,c
2017_T1070018_C_R11_2of2_Tdicm_1x1_d_c,2017,Nikon,1x,1,T1070018,C,R11,Mid,2of2,External,Tdicm,d,c
2018_T1070018_C_R11_2of2_Tdicm_1x1_l_c,2018,Nikon,1x,1,T1070018,C,R11,Mid,2of2,External,Tdicm,l,c
2019_T1070018_C_R11_2of2_Tdicm_1x1_p_c,2019,Nikon,1x,1,T1070018,C,R11,Mid,2of2,External,Tdicm,p,c
2020_T1070018_C_R16_1of2_Tdicm_1x1_d_c,2020,Nikon,1x,1,T1070018,C,R16,Top,1of2,External,Tdicm,d,c
2021_T1070018_C_R16_1of2_Tdicm_1x1_l_c,2021,Nikon,1x,1,T1070018,C,R16,Top,1of2,External,Tdicm,l,c
2022_T1070018_C_R16_1of2_Tdicm_1x1_p_c,2022,Nikon,1x,1,T1070018,C,R16,Top,1of2,External,Tdicm,p,c
2023_T1070018_C_R17_1of1_Tdicm_1x1_d_c,2023,Nikon,1x,1,T1070018,C,R17,Top,1of1,Solo,Tdicm,d,c
2024_T1070018_C_R17_1of1_Tdicm_1x1_l_c,2024,Nikon,1x,1,T1070018,C,R17,Top,1of1,Solo,Tdicm,l,c
2025_T1070018_C_R17_1of1_Tdicm_1x1_p_c,2025,Nikon,1x,1,T1070018,C,R17,Top,1of1,Solo,Tdicm,p,c
2026_T1070018_C_R18_1of1_Tdicm_1x1_d_c,2026,Nikon,1x,1,T1070018,C,R18,Top,1of1,Solo,Tdicm,d,c
2027_T1070018_C_R18_1of1_Tdicm_1x1_l_c,2027,Nikon,1x,1,T1070018,C,R18,Top,1of1,Solo,Tdicm,l,c
2028_T1070018_C_R18_1of1_Tdicm_1x1_p_c,2028,Nikon,1x,1,T1070018,C,R18,Top,1of1,Solo,Tdicm,p,c
2758_TRI17251_B_R1_1of2_Tdicm_1x1_d_c,2758,Nikon,1x,1,TRI17251,B,R1,Base,1of2,External,Tdicm,d,c
2759_TRI17251_B_R1_1of2_Tdicm_1x1_l_c,2759,Nikon,1x,1,TRI17251,B,R1,Base,1of2,External,Tdicm,l,c
2760_TRI17251_B_R1_1of2_Tdicm_1x1_p_c,2760,Nikon,1x,1,TRI17251,B,R1,Base,1of2,External,Tdicm,p,c
2761_TRI17251_B_R1_2of2_Tdicm_1x1_d_c,2761,Nikon,1x,1,TRI17251,B,R1,Base,2of2,External,Tdicm,d,c
2762_TRI17251_B_R1_2of2_Tdicm_1x1_l_c,2762,Nikon,1x,1,TRI17251,B,R1,Base,2of2,External,Tdicm,l,c
2763_TRI17251_B_R1_2of2_Tdicm_1x1_p_c,2763,Nikon,1x,1,TRI17251,B,R1,Base,2of2,External,Tdicm,p,c
2764_TRI17251_B_R2_2of2_Tdicm_1x1_d_c,2764,Nikon,1x,1,TRI17251,B,R2,Base,2of2,External,Tdicm,d,c
2765_TRI17251_B_R2_2of2_Tdicm_1x1_l_c,2765,Nikon,1x,1,TRI17251,B,R2,Base,2of2,External,Tdicm,l,c
2766_TRI17251_B_R2_2of2_Tdicm_1x1_p_c,2766,Nikon,1x,1,TRI17251,B,R2,Base,2of2,External,Tdicm,p,c
2767_TRI17251_B_R11_1of2_Tdicm_1x1_d_c,2767,Nikon,1x,1,TRI17251,B,R11,Mid,1of2,External,Tdicm,d,c
2768_TRI17251_B_R11_1of2_Tdicm_1x1_l_c,2768,Nikon,1x,1,TRI17251,B,R11,Mid,1of2,External,Tdicm,l,c
2769_TRI17251_B_R11_1of2_Tdicm_1x1_p_c,2769,Nikon,1x,1,TRI17251,B,R11,Mid,1of2,External,Tdicm,p,c
2770_TRI17251_B_R11_2of2_Tdicm_1x1_d_c,2770,Nikon,1x,1,TRI17251,B,R11,Mid,2of2,External,Tdicm,d,c
2771_TRI17251_B_R11_2of2_Tdicm_1x1_l_c,2771,Nikon,1x,1,TRI17251,B,R11,Mid,2of2,External,Tdicm,l,c
2772_TRI17251_B_R11_2of2_Tdicm_1x1_p_c,2772,Nikon,1x,1,TRI17251,B,R11,Mid,2of2,External,Tdicm,p,c
2773_TRI17251_B_R12_1of2_Tdicm_1x1_d_c,2773,Nikon,1x,1,TRI17251,B,R12,Mid,1of2,External,Tdicm,d,c
2774_TRI17251_B_R12_1of2_Tdicm_1x1_l_c,2774,Nikon,1x,1,TRI17251,B,R12,Mid,1of2,External,Tdicm,l,c
2775_TRI17251_B_R12_1of2_Tdicm_1x1_p_c,2775,Nikon,1x,1,TRI17251,B,R12,Mid,1of2,External,Tdicm,p,c
2776_TRI17251_B_R20_1of2_Tdicm_1x1_d_c,2776,Nikon,1x,1,TRI17251,B,R20,Top,1of2,External,Tdicm,d,c
2777_TRI17251_B_R20_1of2_Tdicm_1x1_l_c,2777,Nikon,1x,1,TRI17251,B,R20,Top,1of2,External,Tdicm,l,c
2778_TRI17251_B_R20_1of2_Tdicm_1x1_p_c,2778,Nikon,1x,1,TRI17251,B,R20,Top,1of2,External,Tdicm,p,c
2779_TRI17251_B_R20_2of2_Tdicm_1x1_d_c,2779,Nikon,1x,1,TRI17251,B,R20,Top,2of2,External,Tdicm,d,c
2780_TRI17251_B_R20_2of2_Tdicm_1x1_l_c,2780,Nikon,1x,1,TRI17251,B,R20,Top,2of2,External,Tdicm,l,c
2781_TRI17251_B_R20_2of2_Tdicm_1x1_p_c,2781,Nikon,1x,1,TRI17251,B,R20,Top,2of2,External,Tdicm,p,c
2782_TRI17251_B_R21_1of1_Tdicm_1x1_d_c,2782,Nikon,1x,1,TRI17251,B,R21,Top,1of1,Solo,Tdicm,d,c
2783_TRI17251_B_R21_1of1_Tdicm_1x1_l_c,2783,Nikon,1x,1,TRI17251,B,R21,Top,1of1,Solo,Tdicm,l,c
2784_TRI17251_B_R21_1of1_Tdicm_1x1_p_c,2784,Nikon,1x,1,TRI17251,B,R21,Top,1of1,Solo,Tdicm,p,c
2785_TRI17251_C_R1_1of2_Tdicm_1x1_d_c,2785,Nikon,1x,1,TRI17251,C,R1,Base,1of2,External,Tdicm,d,c
2786_TRI17251_C_R1_1of2_Tdicm_1x1_l_c,2786,Nikon,1x,1,TRI17251,C,R1,Base,1of2,External,Tdicm,l,c
2787_TRI17251_C_R1_1of2_Tdicm_1x1_p_c,2787,Nikon,1x,1,TRI17251,C,R1,Base,1of2,External,Tdicm,p,c
2788_TRI17251_C_R1_2of2_Tdicm_1x1_d_c,2788,Nikon,1x,1,TRI17251,C,R1,Base,2of2,External,Tdicm,d,c
2789_TRI17251_C_R1_2of2_Tdicm_1x1_l_c,2789,Nikon,1x,1,TRI17251,C,R1,Base,2of2,External,Tdicm,l,c
2790_TRI17251_C_R1_2of2_Tdicm_1x1_p_c,2790,Nikon,1x,1,TRI17251,C,R1,Base,2of2,External,Tdicm,p,c
2791_TRI17251_C_R2_1of2_Tdicm_1x1_d_c,2791,Nikon,1x,1,TRI17251,C,R2,Base,1of2,External,Tdicm,d,c
2792_TRI17251_C_R2_1of2_Tdicm_1x1_l_c,2792,Nikon,1x,1,TRI17251,C,R2,Base,1of2,External,Tdicm,l,c
2793_TRI17251_C_R2_1of2_Tdicm_1x1_p_c,2793,Nikon,1x,1,TRI17251,C,R2,Base,1of2,External,Tdicm,p,c
2794_TRI17251_C_R7_1of2_Tdicm_1x1_d_c,2794,Nikon,1x,1,TRI17251,C,R7,Mid,1of2,External,Tdicm,d,c
2795_TRI17251_C_R7_1of2_Tdicm_1x1_l_c,2795,Nikon,1x,1,TRI17251,C,R7,Mid,1of2,External,Tdicm,l,c
2796_TRI17251_C_R7_1of2_Tdicm_1x1_p_c,2796,Nikon,1x,1,TRI17251,C,R7,Mid,1of2,External,Tdicm,p,c
2797_TRI17251_C_R7_2of2_Tdicm_1x1_d_c,2797,Nikon,1x,1,TRI17251,C,R7,Mid,2of2,External,Tdicm,d,c
2798_TRI17251_C_R7_2of2_Tdicm_1x1_l_c,2798,Nikon,1x,1,TRI17251,C,R7,Mid,2of2,External,Tdicm,l,c
2799_TRI17251_C_R7_2of2_Tdicm_1x1_p_c,2799,Nikon,1x,1,TRI17251,C,R7,Mid,2of2,External,Tdicm,p,c
2800_TRI17251_C_R8_2of3_Tdicm_1x1_d_c,2800,Nikon,1x,1,TRI17251,C,R8,Mid,2of3,Internal,Tdicm,d,c
2801_TRI17251_C_R8_2of3_Tdicm_1x1_l_c,2801,Nikon,1x,1,TRI17251,C,R8,Mid,2of3,Internal,Tdicm,l,c
2802_TRI17251_C_R8_2of3_Tdicm_1x1_p_c,2802,Nikon,1x,1,TRI17251,C,R8,Mid,2of3,Internal,Tdicm,p,c
2803_TRI17251_C_R12_1of2_Tdicm_1x1_d_c,2803,Nikon,1x,1,TRI17251,C,R12,Top,1of2,External,Tdicm,d,c
2804_TRI17251_C_R12_1of2_Tdicm_1x1_l_c,2804,Nikon,1x,1,TRI17251,C,R12,Top,1of2,External,Tdicm,l,c
2805_TRI17251_C_R12_1of2_Tdicm_1x1_p_c,2805,Nikon,1x,1,TRI17251,C,R12,Top,1of2,External,Tdicm,p,c
2806_TRI17251_C_R13_1of1_Tdicm_1x1_d_c,2806,Nikon,1x,1,TRI17251,C,R13,Top,1of1,Solo,Tdicm,d,c
2807_TRI17251_C_R13_1of1_Tdicm_1x1_l_c,2807,Nikon,1x,1,TRI17251,C,R13,Top,1of1,Solo,Tdicm,l,c
2808_TRI17251_C_R13_1of1_Tdicm_1x1_p_c,2808,Nikon,1x,1,TRI17251,C,R13,Top,1of1,Solo,Tdicm,p,c
2809_TRI17251_C_R14_1of1_Tdicm_1x1_d_c,2809,Nikon,1x,1,TRI17251,C,R14,Top,1of1,Solo,Tdicm,d,c
2810_TRI17251_C_R14_1of1_Tdicm_1x1_l_c,2810,Nikon,1x,1,TRI17251,C,R14,Top,1of1,Solo,Tdicm,l,c
2811_TRI17251_C_R14_1of1_Tdicm_1x1_p_c,2811,Nikon,1x,1,TRI17251,C,R14,Top,1of1,Solo,Tdicm,p,c
2974_CGN10497_VB13__1of2_Timo_1x1_d_c,2974,Nikon,1x,1,CGN10497,VB13,,Base,1of2,External,Timo,d,c
2975_CGN10497_VB13__1of2_Timo_1x1_l_c,2975,Nikon,1x,1,CGN10497,VB13,,Base,1of2,External,Timo,l,c
2976_CGN10497_VB13__1of2_Timo_1x1_p_c,2976,Nikon,1x,1,CGN10497,VB13,,Base,1of2,External,Timo,p,c
2977_CGN10497_VB13__2of2_Timo_1x1_d_c,2977,Nikon,1x,1,CGN10497,VB13,,Base,2of2,External,Timo,d,c
2978_CGN10497_VB13__2of2_Timo_1x1_l_c,2978,Nikon,1x,1,CGN10497,VB13,,Base,2of2,External,Timo,l,c
2979_CGN10497_VB13__2of2_Timo_1x1_p_c,2979,Nikon,1x,1,CGN10497,VB13,,Base,2of2,External,Timo,p,c
2980_CGN10497_VB12__1of1_Timo_1x1_d_c,2980,Nikon,1x,1,CGN10497,VB12,,Base,1of1,Solo,Timo,d,c
2981_CGN10497_VB12__1of1_Timo_1x1_l_c,2981,Nikon,1x,1,CGN10497,VB12,,Base,1of1,Solo,Timo,l,c
2982_CGN10497_VB12__1of1_Timo_1x1_p_c,2982,Nikon,1x,1,CGN10497,VB12,,Base,1of1,Solo,Timo,p,c
2983_CGN10497_VB11__1of2_Timo_1x1_d_c,2983,Nikon,1x,1,CGN10497,VB11,,Base,1of2,External,Timo,d,c
2984_CGN10497_VB11__1of2_Timo_1x1_l_c,2984,Nikon,1x,1,CGN10497,VB11,,Base,1of2,External,Timo,l,c
2985_CGN10497_VB11__1of2_Timo_1x1_p_c,2985,Nikon,1x,1,CGN10497,VB11,,Base,1of2,External,Timo,p,c
2986_CGN10497_VB11__2of2_Timo_1x1_d_c,2986,Nikon,1x,1,CGN10497,VB11,,Base,2of2,External,Timo,d,c
2987_CGN10497_VB11__2of2_Timo_1x1_l_c,2987,Nikon,1x,1,CGN10497,VB11,,Base,2of2,External,Timo,l,c
2988_CGN10497_VB11__2of2_Timo_1x1_p_c,2988,Nikon,1x,1,CGN10497,VB11,,Base,2of2,External,Timo,p,c
2989_CGN10497_VB11__1of2_Timo_1x1_d_c,2989,Nikon,1x,1,CGN10497,VB11,,Base,1of2,External,Timo,d,c
2990_CGN10497_VB11__1of2_Timo_1x1_l_c,2990,Nikon,1x,1,CGN10497,VB11,,Base,1of2,External,Timo,l,c
2991_CGN10497_VB11__1of2_Timo_1x1_p_c,2991,Nikon,1x,1,CGN10497,VB11,,Base,1of2,External,Timo,p,c
2992_CGN10497_VB11__2of2_Timo_1x1_d_c,2992,Nikon,1x,1,CGN10497,VB11,,Base,2of2,External,Timo,d,c
2993_CGN10497_VB11__2of2_Timo_1x1_l_c,2993,Nikon,1x,1,CGN10497,VB11,,Base,2of2,External,Timo,l,c
2994_CGN10497_VB11__2of2_Timo_1x1_p_c,2994,Nikon,1x,1,CGN10497,VB11,,Base,2of2,External,Timo,p,c
2995_CGN10497_VB11__1of2_Timo_1x1_d_c,2995,Nikon,1x,1,CGN10497,VB11,,Base,1of2,External,Timo,d,c
2996_CGN10497_VB11__1of2_Timo_1x1_l_c,2996,Nikon,1x,1,CGN10497,VB11,,Base,1of2,External,Timo,l,c
2997_CGN10497_VB11__1of2_Timo_1x1_p_c,2997,Nikon,1x,1,CGN10497,VB11,,Base,1of2,External,Timo,p,c
2998_CGN10497_VB11__2of2_Timo_1x1_d_c,2998,Nikon,1x,1,CGN10497,VB11,,Base,2of2,External,Timo,d,c
2999_CGN10497_VB11__2of2_Timo_1x1_l_c,2999,Nikon,1x,1,CGN10497,VB11,,Base,2of2,External,Timo,l,c
3000_CGN10497_VB11__2of2_Timo_1x1_p_c,3000,Nikon,1x,1,CGN10497,VB11,,Base,2of2,External,Timo,p,c
3001_CGN10497_VB7__1of2_Timo_1x1_d_c,3001,Nikon,1x,1,CGN10497,VB7,,Mid,1of2,External,Timo,d,c
3002_CGN10497_VB7__1of2_Timo_1x1_l_c,3002,Nikon,1x,1,CGN10497,VB7,,Mid,1of2,External,Timo,l,c
3003_CGN10497_VB7__1of2_Timo_1x1_p_c,3003,Nikon,1x,1,CGN10497,VB7,,Mid,1of2,External,Timo,p,c
3004_CGN10497_VB7__2of2_Timo_1x1_d_c,3004,Nikon,1x,1,CGN10497,VB7,,Mid,2of2,External,Timo,d,c
3005_CGN10497_VB7__2of2_Timo_1x1_l_c,3005,Nikon,1x,1,CGN10497,VB7,,Mid,2of2,External,Timo,l,c
3006_CGN10497_VB7__2of2_Timo_1x1_p_c,3006,Nikon,1x,1,CGN10497,VB7,,Mid,2of2,External,Timo,p,c
3007_CGN10497_VB7__1of2_Timo_1x1_d_c,3007,Nikon,1x,1,CGN10497,VB7,,Mid,1of2,External,Timo,d,c
3008_CGN10497_VB7__1of2_Timo_1x1_l_c,3008,Nikon,1x,1,CGN10497,VB7,,Mid,1of2,External,Timo,l,c
3009_CGN10497_VB7__1of2_Timo_1x1_p_c,3009,Nikon,1x,1,CGN10497,VB7,,Mid,1of2,External,Timo,p,c
3010_CGN10497_VB7__2of2_Timo_1x1_d_c,3010,Nikon,1x,1,CGN10497,VB7,,Mid,2of2,External,Timo,d,c
3011_CGN10497_VB7__2of2_Timo_1x1_l_c,3011,Nikon,1x,1,CGN10497,VB7,,Mid,2of2,External,Timo,l,c
3012_CGN10497_VB7__2of2_Timo_1x1_p_c,3012,Nikon,1x,1,CGN10497,VB7,,Mid,2of2,External,Timo,p,c
3013_CGN10497_VB7__1of2_Timo_1x1_d_c,3013,Nikon,1x,1,CGN10497,VB7,,Mid,1of2,External,Timo,d,c
3014_CGN10497_VB7__1of2_Timo_1x1_l_c,3014,Nikon,1x,1,CGN10497,VB7,,Mid,1of2,External,Timo,l,c
3015_CGN10497_VB7__1of2_Timo_1x1_p_c,3015,Nikon,1x,1,CGN10497,VB7,,Mid,1of2,External,Timo,p,c
3016_CGN10497_VB7__2of2_Timo_1x1_d_c,3016,Nikon,1x,1,CGN10497,VB7,,Mid,2of2,External,Timo,d,c
3017_CGN10497_VB7__2of2_Timo_1x1_l_c,3017,Nikon,1x,1,CGN10497,VB7,,Mid,2of2,External,Timo,l,c
3018_CGN10497_VB7__2of2_Timo_1x1_p_c,3018,Nikon,1x,1,CGN10497,VB7,,Mid,2of2,External,Timo,p,c
3019_CGN10497_VB7__1of2_Timo_1x1_d_c,3019,Nikon,1x,1,CGN10497,VB7,,Mid,1of2,External,Timo,d,c
3020_CGN10497_VB7__1of2_Timo_1x1_l_c,3020,Nikon,1x,1,CGN10497,VB7,,Mid,1of2,External,Timo,l,c
3021_CGN10497_VB7__1of2_Timo_1x1_p_c,3021,Nikon,1x,1,CGN10497,VB7,,Mid,1of2,External,Timo,p,c
3022_CGN10497_VB7__2of2_Timo_1x1_d_c,3022,Nikon,1x,1,CGN10497,VB7,,Mid,2of2,External,Timo,d,c
3023_CGN10497_VB7__2of2_Timo_1x1_l_c,3023,Nikon,1x,1,CGN10497,VB7,,Mid,2of2,External,Timo,l,c
3024_CGN10497_VB7__2of2_Timo_1x1_p_c,3024,Nikon,1x,1,CGN10497,VB7,,Mid,2of2,External,Timo,p,c
3025_CGN10497_VB8__2of2_Timo_1x1_d_c,3025,Nikon,1x,1,CGN10497,VB8,,Mid,2of2,External,Timo,d,c
3026_CGN10497_VB8__2of2_Timo_1x1_l_c,3026,Nikon,1x,1,CGN10497,VB8,,Mid,2of2,External,Timo,l,c
3027_CGN10497_VB8__2of2_Timo_1x1_p_c,3027,Nikon,1x,1,CGN10497,VB8,,Mid,2of2,External,Timo,p,c
3028_CGN10497_-__1of2_Timo_1x1_d_c,3028,Nikon,1x,1,CGN10497,-,,Top,1of2,External,Timo,d,c
3029_CGN10497_-__1of2_Timo_1x1_l_c,3029,Nikon,1x,1,CGN10497,-,,Top,1of2,External,Timo,l,c
3030_CGN10497_-__1of2_Timo_1x1_p_c,3030,Nikon,1x,1,CGN10497,-,,Top,1of2,External,Timo,p,c
3031_CGN10497_-__2of2_Timo_1x1_d_c,3031,Nikon,1x,1,CGN10497,-,,Top,2of2,External,Timo,d,c
3032_CGN10497_-__2of2_Timo_1x1_l_c,3032,Nikon,1x,1,CGN10497,-,,Top,2of2,External,Timo,l,c
3033_CGN10497_-__2of2_Timo_1x1_p_c,3033,Nikon,1x,1,CGN10497,-,,Top,2of2,External,Timo,p,c
3034_CGN10497_-__1of1_Timo_1x1_d_c,3034,Nikon,1x,1,CGN10497,-,,Top,1of1,Solo,Timo,d,c
3035_CGN10497_-__1of1_Timo_1x1_l_c,3035,Nikon,1x,1,CGN10497,-,,Top,1of1,Solo,Timo,l,c
3036_CGN10497_-__1of1_Timo_1x1_p_c,3036,Nikon,1x,1,CGN10497,-,,Top,1of1,Solo,Timo,p,c
3037_CGN10497_-__1of1_Timo_1x1_d_c,3037,Nikon,1x,1,CGN10497,-,,Top,1of1,Solo,Timo,d,c
3038_CGN10497_-__1of1_Timo_1x1_l_c,3038,Nikon,1x,1,CGN10497,-,,Top,1of1,Solo,Timo,l,c
3039_CGN10497_-__1of1_Timo_1x1_p_c,3039,Nikon,1x,1,CGN10497,-,,Top,1of1,Solo,Timo,p,c
3040_CGN10497_VB2__1of1_Timo_1x1_d_c,3040,Nikon,1x,1,CGN10497,VB2,,Top,1of1,Solo,Timo,d,c
3041_CGN10497_VB2__1of1_Timo_1x1_l_c,3041,Nikon,1x,1,CGN10497,VB2,,Top,1of1,Solo,Timo,l,c
3042_CGN10497_VB2__1of1_Timo_1x1_p_c,3042,Nikon,1x,1,CGN10497,VB2,,Top,1of1,Solo,Timo,p,c
3043_CGN10497_VB2__1of1_Timo_1x1_d_c,3043,Nikon,1x,1,CGN10497,VB2,,Top,1of1,Solo,Timo,d,c
3044_CGN10497_VB2__1of1_Timo_1x1_l_c,3044,Nikon,1x,1,CGN10497,VB2,,Top,1of1,Solo,Timo,l,c
3045_CGN10497_VB2__1of1_Timo_1x1_p_c,3045,Nikon,1x,1,CGN10497,VB2,,Top,1of1,Solo,Timo,p,c
3046_CGN10497_VB3__1of1_Timo_1x1_d_c,3046,Nikon,1x,1,CGN10497,VB3,,Top,1of1,Solo,Timo,d,c
3047_CGN10497_VB3__1of1_Timo_1x1_l_c,3047,Nikon,1x,1,CGN10497,VB3,,Top,1of1,Solo,Timo,l,c
3048_CGN10497_VB3__1of1_Timo_1x1_p_c,3048,Nikon,1x,1,CGN10497,VB3,,Top,1of1,Solo,Timo,p,c
3049_CGN10497_VB4__1of2_Timo_1x1_d_c,3049,Nikon,1x,1,CGN10497,VB4,,Top,1of2,External,Timo,d,c
3050_CGN10497_VB4__1of2_Timo_1x1_l_c,3050,Nikon,1x,1,CGN10497,VB4,,Top,1of2,External,Timo,l,c
3051_CGN10497_VB4__1of2_Timo_1x1_p_c,3051,Nikon,1x,1,CGN10497,VB4,,Top,1of2,External,Timo,p,c
3052_CGN10497_VB4__2of2_Timo_1x1_d_c,3052,Nikon,1x,1,CGN10497,VB4,,Top,2of2,External,Timo,d,c
3053_CGN10497_VB4__2of2_Timo_1x1_l_c,3053,Nikon,1x,1,CGN10497,VB4,,Top,2of2,External,Timo,l,c
3054_CGN10497_VB4__2of2_Timo_1x1_p_c,3054,Nikon,1x,1,CGN10497,VB4,,Top,2of2,External,Timo,p,c
3055_PI434999_A_R1_1of1_Tdicm_1x1_d_c,3055,Nikon,1x,1,PI434999,A,R1,Base,1of1,Solo,Tdicm,d,c
3056_PI434999_A_R1_1of1_Tdicm_1x1_l_c,3056,Nikon,1x,1,PI434999,A,R1,Base,1of1,Solo,Tdicm,l,c
3057_PI434999_A_R1_1of1_Tdicm_1x1_p_c,3057,Nikon,1x,1,PI434999,A,R1,Base,1of1,Solo,Tdicm,p,c
3058_PI434999_A_R2_1of1_Tdicm_1x1_d_c,3058,Nikon,1x,1,PI434999,A,R2,Base,1of1,Solo,Tdicm,d,c
3059_PI434999_A_R2_1of1_Tdicm_1x1_l_c,3059,Nikon,1x,1,PI434999,A,R2,Base,1of1,Solo,Tdicm,l,c
3060_PI434999_A_R2_1of1_Tdicm_1x1_p_c,3060,Nikon,1x,1,PI434999,A,R2,Base,1of1,Solo,Tdicm,p,c
3061_PI434999_A_R3_1of2_Tdicm_1x1_d_c,3061,Nikon,1x,1,PI434999,A,R3,Base,1of2,External,Tdicm,d,c
3062_PI434999_A_R3_1of2_Tdicm_1x1_l_c,3062,Nikon,1x,1,PI434999,A,R3,Base,1of2,External,Tdicm,l,c
3063_PI434999_A_R3_1of2_Tdicm_1x1_p_c,3063,Nikon,1x,1,PI434999,A,R3,Base,1of2,External,Tdicm,p,c
3064_PI434999_A_R7_1of2_Tdicm_1x1_d_c,3064,Nikon,1x,1,PI434999,A,R7,Mid,1of2,External,Tdicm,d,c
3065_PI434999_A_R7_1of2_Tdicm_1x1_l_c,3065,Nikon,1x,1,PI434999,A,R7,Mid,1of2,External,Tdicm,l,c
3066_PI434999_A_R7_1of2_Tdicm_1x1_p_c,3066,Nikon,1x,1,PI434999,A,R7,Mid,1of2,External,Tdicm,p,c
3067_PI434999_A_R7_2of2_Tdicm_1x1_d_c,3067,Nikon,1x,1,PI434999,A,R7,Mid,2of2,External,Tdicm,d,c
3068_PI434999_A_R7_2of2_Tdicm_1x1_l_c,3068,Nikon,1x,1,PI434999,A,R7,Mid,2of2,External,Tdicm,l,c
3069_PI434999_A_R7_2of2_Tdicm_1x1_p_c,3069,Nikon,1x,1,PI434999,A,R7,Mid,2of2,External,Tdicm,p,c
3070_PI434999_A_R8_2of2_Tdicm_1x1_d_c,3070,Nikon,1x,1,PI434999,A,R8,Mid,2of2,External,Tdicm,d,c
3071_PI434999_A_R8_2of2_Tdicm_1x1_l_c,3071,Nikon,1x,1,PI434999,A,R8,Mid,2of2,External,Tdicm,l,c
3072_PI434999_A_R8_2of2_Tdicm_1x1_p_c,3072,Nikon,1x,1,PI434999,A,R8,Mid,2of2,External,Tdicm,p,c
3073_PI434999_A_R13_1of2_Tdicm_1x1_d_c,3073,Nikon,1x,1,PI434999,A,R13,Top,1of2,External,Tdicm,d,c
3074_PI434999_A_R13_1of2_Tdicm_1x1_l_c,3074,Nikon,1x,1,PI434999,A,R13,Top,1of2,External,Tdicm,l,c
3075_PI434999_A_R13_1of2_Tdicm_1x1_p_c,3075,Nikon,1x,1,PI434999,A,R13,Top,1of2,External,Tdicm,p,c
3076_PI434999_A_R13_2of2_Tdicm_1x1_d_c,3076,Nikon,1x,1,PI434999,A,R13,Top,2of2,External,Tdicm,d,c
3077_PI434999_A_R13_2of2_Tdicm_1x1_l_c,3077,Nikon,1x,1,PI434999,A,R13,Top,2of2,External,Tdicm,l,c
3078_PI434999_A_R13_2of2_Tdicm_1x1_p_c,3078,Nikon,1x,1,PI434999,A,R13,Top,2of2,External,Tdicm,p,c
3079_PI434999_A_R14_1of1_Tdicm_1x1_d_c,3079,Nikon,1x,1,PI434999,A,R14,Top,1of1,Solo,Tdicm,d,c
3080_PI434999_A_R14_1of1_Tdicm_1x1_l_c,3080,Nikon,1x,1,PI434999,A,R14,Top,1of1,Solo,Tdicm,l,c
3081_PI434999_A_R14_1of1_Tdicm_1x1_p_c,3081,Nikon,1x,1,PI434999,A,R14,Top,1of1,Solo,Tdicm,p,c
3082_PI434999_B_R1_1of1_Tdicm_1x1_d_c,3082,Nikon,1x,1,PI434999,B,R1,Base,1of1,Solo,Tdicm,d,c
3083_PI434999_B_R1_1of1_Tdicm_1x1_l_c,3083,Nikon,1x,1,PI434999,B,R1,Base,1of1,Solo,Tdicm,l,c
3084_PI434999_B_R1_1of1_Tdicm_1x1_p_c,3084,Nikon,1x,1,PI434999,B,R1,Base,1of1,Solo,Tdicm,p,c
3085_PI434999_B_R2_1of2_Tdicm_1x1_d_c,3085,Nikon,1x,1,PI434999,B,R2,Base,1of2,External,Tdicm,d,c
3086_PI434999_B_R2_1of2_Tdicm_1x1_l_c,3086,Nikon,1x,1,PI434999,B,R2,Base,1of2,External,Tdicm,l,c
3087_PI434999_B_R2_1of2_Tdicm_1x1_p_c,3087,Nikon,1x,1,PI434999,B,R2,Base,1of2,External,Tdicm,p,c
3088_PI434999_B_R2_2of2_Tdicm_1x1_d_c,3088,Nikon,1x,1,PI434999,B,R2,Base,2of2,External,Tdicm,d,c
3089_PI434999_B_R2_2of2_Tdicm_1x1_l_c,3089,Nikon,1x,1,PI434999,B,R2,Base,2of2,External,Tdicm,l,c
3090_PI434999_B_R2_2of2_Tdicm_1x1_p_c,3090,Nikon,1x,1,PI434999,B,R2,Base,2of2,External,Tdicm,p,c
3091_PI434999_B_R8_1of1_Tdicm_1x1_d_c,3091,Nikon,1x,1,PI434999,B,R8,Mid,1of1,Solo,Tdicm,d,c
3092_PI434999_B_R8_1of1_Tdicm_1x1_l_c,3092,Nikon,1x,1,PI434999,B,R8,Mid,1of1,Solo,Tdicm,l,c
3093_PI434999_B_R8_1of1_Tdicm_1x1_p_c,3093,Nikon,1x,1,PI434999,B,R8,Mid,1of1,Solo,Tdicm,p,c
3094_PI434999_B_R9_1of2_Tdicm_1x1_d_c,3094,Nikon,1x,1,PI434999,B,R9,Mid,1of2,External,Tdicm,d,c
3095_PI434999_B_R9_1of2_Tdicm_1x1_l_c,3095,Nikon,1x,1,PI434999,B,R9,Mid,1of2,External,Tdicm,l,c
3096_PI434999_B_R9_1of2_Tdicm_1x1_p_c,3096,Nikon,1x,1,PI434999,B,R9,Mid,1of2,External,Tdicm,p,c
3097_PI434999_B_R9_2of2_Tdicm_1x1_d_c,3097,Nikon,1x,1,PI434999,B,R9,Mid,2of2,External,Tdicm,d,c
3098_PI434999_B_R9_2of2_Tdicm_1x1_l_c,3098,Nikon,1x,1,PI434999,B,R9,Mid,2of2,External,Tdicm,l,c
3099_PI434999_B_R9_2of2_Tdicm_1x1_p_c,3099,Nikon,1x,1,PI434999,B,R9,Mid,2of2,External,Tdicm,p,c
3100_PI434999_B_R14_1of2_Tdicm_1x1_d_c,3100,Nikon,1x,1,PI434999,B,R14,Top,1of2,External,Tdicm,d,c
3101_PI434999_B_R14_1of2_Tdicm_1x1_l_c,3101,Nikon,1x,1,PI434999,B,R14,Top,1of2,External,Tdicm,l,c
3102_PI434999_B_R14_1of2_Tdicm_1x1_p_c,3102,Nikon,1x,1,PI434999,B,R14,Top,1of2,External,Tdicm,p,c
3103_PI434999_B_R14_2of2_Tdicm_1x1_d_c,3103,Nikon,1x,1,PI434999,B,R14,Top,2of2,External,Tdicm,d,c
3104_PI434999_B_R14_2of2_Tdicm_1x1_l_c,3104,Nikon,1x,1,PI434999,B,R14,Top,2of2,External,Tdicm,l,c
3105_PI434999_B_R14_2of2_Tdicm_1x1_p_c,3105,Nikon,1x,1,PI434999,B,R14,Top,2of2,External,Tdicm,p,c
3106_PI434999_B_R15_1of1_Tdicm_1x1_d_c,3106,Nikon,1x,1,PI434999,B,R15,Top,1of1,Solo,Tdicm,d,c
3107_PI434999_B_R15_1of1_Tdicm_1x1_l_c,3107,Nikon,1x,1,PI434999,B,R15,Top,1of1,Solo,Tdicm,l,c
3108_PI434999_B_R15_1of1_Tdicm_1x1_p_c,3108,Nikon,1x,1,PI434999,B,R15,Top,1of1,Solo,Tdicm,p,c
3109_PI434999_C_R1_1of2_Tdicm_1x1_d_c,3109,Nikon,1x,1,PI434999,C,R1,Base,1of2,External,Tdicm,d,c
3110_PI434999_C_R1_1of2_Tdicm_1x1_l_c,3110,Nikon,1x,1,PI434999,C,R1,Base,1of2,External,Tdicm,l,c
3111_PI434999_C_R1_1of2_Tdicm_1x1_p_c,3111,Nikon,1x,1,PI434999,C,R1,Base,1of2,External,Tdicm,p,c
3112_PI434999_C_R1_2of2_Tdicm_1x1_d_c,3112,Nikon,1x,1,PI434999,C,R1,Base,2of2,External,Tdicm,d,c
3113_PI434999_C_R1_2of2_Tdicm_1x1_l_c,3113,Nikon,1x,1,PI434999,C,R1,Base,2of2,External,Tdicm,l,c
3114_PI434999_C_R1_2of2_Tdicm_1x1_p_c,3114,Nikon,1x,1,PI434999,C,R1,Base,2of2,External,Tdicm,p,c
3115_PI434999_C_R2_1of2_Tdicm_1x1_d_c,3115,Nikon,1x,1,PI434999,C,R2,Base,1of2,External,Tdicm,d,c
3116_PI434999_C_R2_1of2_Tdicm_1x1_l_c,3116,Nikon,1x,1,PI434999,C,R2,Base,1of2,External,Tdicm,l,c
3117_PI434999_C_R2_1of2_Tdicm_1x1_p_c,3117,Nikon,1x,1,PI434999,C,R2,Base,1of2,External,Tdicm,p,c
3118_PI434999_C_R6_1of2_Tdicm_1x1_d_c,3118,Nikon,1x,1,PI434999,C,R6,Mid,1of2,External,Tdicm,d,c
3119_PI434999_C_R6_1of2_Tdicm_1x1_l_c,3119,Nikon,1x,1,PI434999,C,R6,Mid,1of2,External,Tdicm,l,c
3120_PI434999_C_R6_1of2_Tdicm_1x1_p_c,3120,Nikon,1x,1,PI434999,C,R6,Mid,1of2,External,Tdicm,p,c
3121_PI434999_C_R6_2of2_Tdicm_1x1_d_c,3121,Nikon,1x,1,PI434999,C,R6,Mid,2of2,External,Tdicm,d,c
3122_PI434999_C_R6_2of2_Tdicm_1x1_l_c,3122,Nikon,1x,1,PI434999,C,R6,Mid,2of2,External,Tdicm,l,c
3123_PI434999_C_R6_2of2_Tdicm_1x1_p_c,3123,Nikon,1x,1,PI434999,C,R6,Mid,2of2,External,Tdicm,p,c
3124_PI434999_C_R7_2of2_Tdicm_1x1_d_c,3124,Nikon,1x,1,PI434999,C,R7,Mid,2of2,External,Tdicm,d,c
3125_PI434999_C_R7_2of2_Tdicm_1x1_l_c,3125,Nikon,1x,1,PI434999,C,R7,Mid,2of2,External,Tdicm,l,c
3126_PI434999_C_R7_2of2_Tdicm_1x1_p_c,3126,Nikon,1x,1,PI434999,C,R7,Mid,2of2,External,Tdicm,p,c
3127_PI434999_C_R11_1of2_Tdicm_1x1_d_c,3127,Nikon,1x,1,PI434999,C,R11,Top,1of2,External,Tdicm,d,c
3128_PI434999_C_R11_1of2_Tdicm_1x1_l_c,3128,Nikon,1x,1,PI434999,C,R11,Top,1of2,External,Tdicm,l,c
3129_PI434999_C_R11_1of2_Tdicm_1x1_p_c,3129,Nikon,1x,1,PI434999,C,R11,Top,1of2,External,Tdicm,p,c
3130_PI434999_C_R11_2of2_Tdicm_1x1_d_c,3130,Nikon,1x,1,PI434999,C,R11,Top,2of2,External,Tdicm,d,c
3131_PI434999_C_R11_2of2_Tdicm_1x1_l_c,3131,Nikon,1x,1,PI434999,C,R11,Top,2of2,External,Tdicm,l,c
3132_PI434999_C_R11_2of2_Tdicm_1x1_p_c,3132,Nikon,1x,1,PI434999,C,R11,Top,2of2,External,Tdicm,p,c
3133_PI434999_C_R12_1of1_Tdicm_1x1_d_c,3133,Nikon,1x,1,PI434999,C,R12,Top,1of1,Solo,Tdicm,d,c
3134_PI434999_C_R12_1of1_Tdicm_1x1_l_c,3134,Nikon,1x,1,PI434999,C,R12,Top,1of1,Solo,Tdicm,l,c
3135_PI434999_C_R12_1of1_Tdicm_1x1_p_c,3135,Nikon,1x,1,PI434999,C,R12,Top,1of1,Solo,Tdicm,p,c
7081_TRI11509_VB8_Mid_1of2_Tara_1x1_d_c,7081,Nikon,1x,1,TRI11509,VB8,,Mid,1of2,External,Tara,d,c
7082_TRI11509_VB8_Mid_1of2_Tara_1x1_l_c,7082,Nikon,1x,1,TRI11509,VB8,,Mid,1of2,External,Tara,l,c
7083_TRI11509_VB8_Mid_1of2_Tara_1x1_p_c,7083,Nikon,1x,1,TRI11509,VB8,,Mid,1of2,External,Tara,p,c
7084_TRI11509_VB8_Mid_2of2_Tara_1x1_d_c,7084,Nikon,1x,1,TRI11509,VB8,,Mid,2of2,External,Tara,d,c
7085_TRI11509_VB8_Mid_2of2_Tara_1x1_l_c,7085,Nikon,1x,1,TRI11509,VB8,,Mid,2of2,External,Tara,l,c
7086_TRI11509_VB8_Mid_1of2_Tara_1x1_p_c,7086,Nikon,1x,1,TRI11509,VB8,,Mid,1of2,External,Tara,p,c
7087_TRI11509_VB8_Mid_1of2_Tara_1x1_d_c,7087,Nikon,1x,1,TRI11509,VB8,,Mid,1of2,External,Tara,d,c
7088_TRI11509_VB8_Mid_1of2_Tara_1x1_l_c,7088,Nikon,1x,1,TRI11509,VB8,,Mid,1of2,External,Tara,l,c
7089_TRI11509_VB8_Mid_1of2_Tara_1x1_p_c,7089,Nikon,1x,1,TRI11509,VB8,,Mid,1of2,External,Tara,p,c
7090_TRI11509_VB8_Mid_2of2_Tara_1x1_d_c,7090,Nikon,1x,1,TRI11509,VB8,,Mid,2of2,External,Tara,d,c
7091_TRI11509_VB8_Mid_2of2_Tara_1x1_l_c,7091,Nikon,1x,1,TRI11509,VB8,,Mid,2of2,External,Tara,l,c
7092_TRI11509_VB8_Mid_2of2_Tara_1x1_p_c,7092,Nikon,1x,1,TRI11509,VB8,,Mid,2of2,External,Tara,p,c
7093_TRI11509_VB8_Mid_1of2_Tara_1x1_d_c,7093,Nikon,1x,1,TRI11509,VB8,,Mid,1of2,External,Tara,d,c
7094_TRI11509_VB8_Mid_1of2_Tara_1x1_l_c,7094,Nikon,1x,1,TRI11509,VB8,,Mid,1of2,External,Tara,l,c
7095_TRI11509_VB8_Mid_1of2_Tara_1x1_p_c,7095,Nikon,1x,1,TRI11509,VB8,,Mid,1of2,External,Tara,p,c
7096_TRI11509_VB8_Mid_2of2_Tara_1x1_d_c,7096,Nikon,1x,1,TRI11509,VB8,,Mid,2of2,External,Tara,d,c
7097_TRI11509_VB8_Mid_2of2_Tara_1x1_l_c,7097,Nikon,1x,1,TRI11509,VB8,,Mid,2of2,External,Tara,l,c
7098_TRI11509_VB8_Mid_2of2_Tara_1x1_p_c,7098,Nikon,1x,1,TRI11509,VB8,,Mid,2of2,External,Tara,p,c
7099_TRI11509_VB7_Mid_1of2_Tara_1x1_d_c,7099,Nikon,1x,1,TRI11509,VB7,,Mid,1of2,External,Tara,d,c
7100_TRI11509_VB7_Mid_1of2_Tara_1x1_l_c,7100,Nikon,1x,1,TRI11509,VB7,,Mid,1of2,External,Tara,l,c
7101_TRI11509_VB7_Mid_1of2_Tara_1x1_p_c,7101,Nikon,1x,1,TRI11509,VB7,,Mid,1of2,External,Tara,p,c
7102_TRI11509_VB7_Mid_2of2_Tara_1x1_d_c,7102,Nikon,1x,1,TRI11509,VB7,,Mid,2of2,External,Tara,d,c
7103_TRI11509_VB7_Mid_2of2_Tara_1x1_l_c,7103,Nikon,1x,1,TRI11509,VB7,,Mid,2of2,External,Tara,l,c
7104_TRI11509_VB7_Mid_2of2_Tara_1x1_p_c,7104,Nikon,1x,1,TRI11509,VB7,,Mid,2of2,External,Tara,p,c
7105_TRI11509_VB7_Mid_1of2_Tara_1x1_d_c,7105,Nikon,1x,1,TRI11509,VB7,,Mid,1of2,External,Tara,d,c
7106_TRI11509_VB7_Mid_1of2_Tara_1x1_l_c,7106,Nikon,1x,1,TRI11509,VB7,,Mid,1of2,External,Tara,l,c
7107_TRI11509_VB7_Mid_1of2_Tara_1x1_p_c,7107,Nikon,1x,1,TRI11509,VB7,,Mid,1of2,External,Tara,p,c
7117_TRI11509_-_Base_1of2_Tara_1x1_d_c,7117,Nikon,1x,1,TRI11509,,,Base,1of2,External,Tara,d,c
7118_TRI11509_-_Base_1of2_Tara_1x1_l_c,7118,Nikon,1x,1,TRI11509,,,Base,1of2,External,Tara,l,c
7119_TRI11509_-_Base_1of2_Tara_1x1_p_c,7119,Nikon,1x,1,TRI11509,,,Base,1of2,External,Tara,p,c
7120_TRI11509_-_Base_2of2_Tara_1x1_d_c,7120,Nikon,1x,1,TRI11509,,,Base,2of2,External,Tara,d,c
7121_TRI11509_-_Base_2of2_Tara_1x1_l_c,7121,Nikon,1x,1,TRI11509,,,Base,2of2,External,Tara,l,c
7122_TRI11509_-_Base_2of2_Tara_1x1_p_c,7122,Nikon,1x,1,TRI11509,,,Base,2of2,External,Tara,p,c
7123_TRI11509_-_Base_1of2_Tara_1x1_d_c,7123,Nikon,1x,1,TRI11509,,,Base,1of2,External,Tara,d,c
7124_TRI11509_-_Base_1of2_Tara_1x1_l_c,7124,Nikon,1x,1,TRI11509,,,Base,1of2,External,Tara,l,c
7125_TRI11509_-_Base_1of2_Tara_1x1_p_c,7125,Nikon,1x,1,TRI11509,,,Base,1of2,External,Tara,p,c
7126_TRI11509_-_Base_2of2_Tara_1x1_d_c,7126,Nikon,1x,1,TRI11509,,,Base,2of2,External,Tara,d,c
7127_TRI11509_-_Base_2of2_Tara_1x1_l_c,7127,Nikon,1x,1,TRI11509,,,Base,2of2,External,Tara,l,c
7128_TRI11509_-_Base_2of2_Tara_1x1_p_c,7128,Nikon,1x,1,TRI11509,,,Base,2of2,External,Tara,p,c
7129_TRI11509_-_Base_1of2_Tara_1x1_d_c,7129,Nikon,1x,1,TRI11509,,,Base,1of2,External,Tara,d,c
7130_TRI11509_-_Base_1of2_Tara_1x1_l_c,7130,Nikon,1x,1,TRI11509,,,Base,1of2,External,Tara,l,c
7131_TRI11509_-_Base_1of2_Tara_1x1_p_c,7131,Nikon,1x,1,TRI11509,,,Base,1of2,External,Tara,p,c
7132_TRI11509_-_Base_2of2_Tara_1x1_d_c,7132,Nikon,1x,1,TRI11509,,,Base,2of2,External,Tara,d,c
7133_TRI11509_-_Base_2of2_Tara_1x1_l_c,7133,Nikon,1x,1,TRI11509,,,Base,2of2,External,Tara,l,c
7134_TRI11509_-_Base_2of2_Tara_1x1_p_c,7134,Nikon,1x,1,TRI11509,,,Base,2of2,External,Tara,p,c
7135_TRI11509_VB13_Base_1of2_Tara_1x1_d_c,7135,Nikon,1x,1,TRI11509,VB13,,Base,1of2,External,Tara,d,c
7136_TRI11509_VB13_Base_1of2_Tara_1x1_l_c,7136,Nikon,1x,1,TRI11509,VB13,,Base,1of2,External,Tara,l,c
7137_TRI11509_VB13_Base_1of2_Tara_1x1_p_c,7137,Nikon,1x,1,TRI11509,VB13,,Base,1of2,External,Tara,p,c
7138_TRI11509_VB13_Base_2of2_Tara_1x1_d_c,7138,Nikon,1x,1,TRI11509,VB13,,Base,2of2,External,Tara,d,c
7139_TRI11509_VB13_Base_2of2_Tara_1x1_l_c,7139,Nikon,1x,1,TRI11509,VB13,,Base,2of2,External,Tara,l,c
7140_TRI11509_VB13_Base_2of2_Tara_1x1_p_c,7140,Nikon,1x,1,TRI11509,VB13,,Base,2of2,External,Tara,p,c
7141_TRI11509_VB12_Base_1of2_Tara_1x1_d_c,7141,Nikon,1x,1,TRI11509,VB12,,Base,1of2,External,Tara,d,c
7142_TRI11509_VB12_Base_1of2_Tara_1x1_l_c,7142,Nikon,1x,1,TRI11509,VB12,,Base,1of2,External,Tara,l,c
7143_TRI11509_VB12_Base_1of2_Tara_1x1_p_c,7143,Nikon,1x,1,TRI11509,VB12,,Base,1of2,External,Tara,p,c
7144_TRI11509_VB3_Top_1of2_Tara_1x1_d_c,7144,Nikon,1x,1,TRI11509,VB3,,Top,1of2,External,Tara,d,c
7145_TRI11509_VB3_Top_1of2_Tara_1x1_l_c,7145,Nikon,1x,1,TRI11509,VB3,,Top,1of2,External,Tara,l,c
7146_TRI11509_VB3_Top_1of2_Tara_1x1_p_c,7146,Nikon,1x,1,TRI11509,VB3,,Top,1of2,External,Tara,p,c
7147_TRI11509_VB3_Top_2of2_Tara_1x1_d_c,7147,Nikon,1x,1,TRI11509,VB3,,Top,2of2,External,Tara,d,c
7148_TRI11509_VB3_Top_2of2_Tara_1x1_l_c,7148,Nikon,1x,1,TRI11509,VB3,,Top,2of2,External,Tara,l,c
7149_TRI11509_VB3_Top_2of2_Tara_1x1_p_c,7149,Nikon,1x,1,TRI11509,VB3,,Top,2of2,External,Tara,p,c
7150_TRI11509_VB4_Top_1of1_Tara_1x1_d_c,7150,Nikon,1x,1,TRI11509,VB4,,Top,1of1,Solo,Tara,d,c
7151_TRI11509_VB4_Top_1of1_Tara_1x1_l_c,7151,Nikon,1x,1,TRI11509,VB4,,Top,1of1,Solo,Tara,l,c
7152_TRI11509_VB4_Top_1of1_Tara_1x1_p_c,7152,Nikon,1x,1,TRI11509,VB4,,Top,1of1,Solo,Tara,p,c
7153_TRI11509_VB4_Top_1of2_Tara_1x1_d_c,7153,Nikon,1x,1,TRI11509,VB4,,Top,1of2,External,Tara,d,c
7154_TRI11509_VB4_Top_1of2_Tara_1x1_l_c,7154,Nikon,1x,1,TRI11509,VB4,,Top,1of2,External,Tara,l,c
7155_TRI11509_VB4_Top_1of2_Tara_1x1_p_c,7155,Nikon,1x,1,TRI11509,VB4,,Top,1of2,External,Tara,p,c
7156_TRI11509_VB4_Top_2of2_Tara_1x1_d_c,7156,Nikon,1x,1,TRI11509,VB4,,Top,2of2,External,Tara,d,c
7157_TRI11509_VB4_Top_2of2_Tara_1x1_l_c,7157,Nikon,1x,1,TRI11509,VB4,,Top,2of2,External,Tara,l,c
7158_TRI11509_VB4_Top_2of2_Tara_1x1_p_c,7158,Nikon,1x,1,TRI11509,VB4,,Top,2of2,External,Tara,p,c
7159_TRI11509_VB4_Top_1of2_Tara_1x1_d_c,7159,Nikon,1x,1,TRI11509,VB4,,Top,1of2,External,Tara,d,c
7160_TRI11509_VB4_Top_1of2_Tara_1x1_l_c,7160,Nikon,1x,1,TRI11509,VB4,,Top,1of2,External,Tara,l,c
7161_TRI11509_VB4_Top_1of2_Tara_1x1_p_c,7161,Nikon,1x,1,TRI11509,VB4,,Top,1of2,External,Tara,p,c
7243_TRI11509_-_Top_1of1_Tara_1x1_d_c,7243,Nikon,1x,1,TRI11509,,,Top,1of1,Solo,Tara,d,c
7244_TRI11509_-_Top_1of1_Tara_1x1_l_c,7244,Nikon,1x,1,TRI11509,,,Top,1of1,Solo,Tara,l,c
7245_TRI11509_-_Top_1of1_Tara_1x1_p_c,7245,Nikon,1x,1,TRI11509,,,Top,1of1,Solo,Tara,p,c
7246_TRI11509_-_Top_1of1_Tara_1x1_d_c,7246,Nikon,1x,1,TRI11509,,,Top,1of1,Solo,Tara,d,c
7247_TRI11509_-_Top_1of1_Tara_1x1_l_c,7247,Nikon,1x,1,TRI11509,,,Top,1of1,Solo,Tara,l,c
7248_TRI11509_-_Top_1of1_Tara_1x1_p_c,7248,Nikon,1x,1,TRI11509,,,Top,1of1,Solo,Tara,p,c
7249_TRI11509_-_Top_1of2_Tara_1x1_d_c,7249,Nikon,1x,1,TRI11509,,,Top,1of2,External,Tara,d,c
7250_TRI11509_-_Top_1of2_Tara_1x1_l_c,7250,Nikon,1x,1,TRI11509,,,Top,1of2,External,Tara,l,c
7251_TRI11509_-_Top_1of2_Tara_1x1_p_c,7251,Nikon,1x,1,TRI11509,,,Top,1of2,External,Tara,p,c
7252_T1150001_-_Base_1of1_Tara_1x1_d_c,7252,Nikon,1x,1,T1150001,,,Base,1of1,Solo,Tara,d,c
7253_T1150001_-_Base_1of1_Tara_1x1_l_c,7253,Nikon,1x,1,T1150001,,,Base,1of1,Solo,Tara,l,c
7254_T1150001_-_Base_1of1_Tara_1x1_p_c,7254,Nikon,1x,1,T1150001,,,Base,1of1,Solo,Tara,p,c
7255_T1150001_-_Base_1of1_Tara_1x1_d_c,7255,Nikon,1x,1,T1150001,,,Base,1of1,Solo,Tara,d,c
7256_T1150001_-_Base_1of1_Tara_1x1_l_c,7256,Nikon,1x,1,T1150001,,,Base,1of1,Solo,Tara,l,c
7257_T1150001_-_Base_1of1_Tara_1x1_p_c,7257,Nikon,1x,1,T1150001,,,Base,1of1,Solo,Tara,p,c
7258_T1150001_VB13_Base_1of1_Tara_1x1_d_c,7258,Nikon,1x,1,T1150001,VB13,,Base,1of1,Solo,Tara,d,c
7259_T1150001_VB13_Base_1of1_Tara_1x1_l_c,7259,Nikon,1x,1,T1150001,VB13,,Base,1of1,Solo,Tara,l,c
7260_T1150001_VB13_Base_1of1_Tara_1x1_p_c,7260,Nikon,1x,1,T1150001,VB13,,Base,1of1,Solo,Tara,p,c
7261_T1150001_VB13_Base_2of2_Tara_1x1_d_c,7261,Nikon,1x,1,T1150001,VB13,,Base,2of2,External,Tara,d,c
7262_T1150001_VB13_Base_2of2_Tara_1x1_l_c,7262,Nikon,1x,1,T1150001,VB13,,Base,2of2,External,Tara,l,c
7263_T1150001_VB13_Base_2of2_Tara_1x1_p_c,7263,Nikon,1x,1,T1150001,VB13,,Base,2of2,External,Tara,p,c
7264_T1150001_VB12_Base_1of2_Tara_1x1_d_c,7264,Nikon,1x,1,T1150001,VB12,,Base,1of2,External,Tara,d,c
7265_T1150001_VB12_Base_1of2_Tara_1x1_l_c,7265,Nikon,1x,1,T1150001,VB12,,Base,1of2,External,Tara,l,c
7266_T1150001_VB12_Base_1of2_Tara_1x1_p_c,7266,Nikon,1x,1,T1150001,VB12,,Base,1of2,External,Tara,p,c
7267_T1150001_VB12_Base_2of2_Tara_1x1_d_c,7267,Nikon,1x,1,T1150001,VB12,,Base,2of2,External,Tara,d,c
7268_T1150001_VB12_Base_2of2_Tara_1x1_l_c,7268,Nikon,1x,1,T1150001,VB12,,Base,2of2,External,Tara,l,c
7269_T1150001_VB12_Base_2of2_Tara_1x1_p_c,7269,Nikon,1x,1,T1150001,VB12,,Base,2of2,External,Tara,p,c
7270_T1150001_VB12_Base_1of2_Tara_1x1_d_c,7270,Nikon,1x,1,T1150001,VB12,,Base,1of2,External,Tara,d,c
7271_T1150001_VB12_Base_1of2_Tara_1x1_l_c,7271,Nikon,1x,1,T1150001,VB12,,Base,1of2,External,Tara,l,c
7272_T1150001_VB12_Base_1of2_Tara_1x1_p_c,7272,Nikon,1x,1,T1150001,VB12,,Base,1of2,External,Tara,p,c
7273_T1150001_VB12_Base_2of2_Tara_1x1_d_c,7273,Nikon,1x,1,T1150001,VB12,,Base,2of2,External,Tara,d,c
7274_T1150001_VB12_Base_2of2_Tara_1x1_l_c,7274,Nikon,1x,1,T1150001,VB12,,Base,2of2,External,Tara,l,c
7275_T1150001_VB12_Base_2of2_Tara_1x1_p_c,7275,Nikon,1x,1,T1150001,VB12,,Base,2of2,External,Tara,p,c
7276_T1150001_VB12_Base_2of2_Tara_1x1_d_c,7276,Nikon,1x,1,T1150001,VB12,,Base,2of2,External,Tara,d,c
7277_T1150001_VB12_Base_2of2_Tara_1x1_l_c,7277,Nikon,1x,1,T1150001,VB12,,Base,2of2,External,Tara,l,c
7278_T1150001_VB12_Base_2of2_Tara_1x1_p_c,7278,Nikon,1x,1,T1150001,VB12,,Base,2of2,External,Tara,p,c
7279_T1150001_VB8_Mid_1of2_Tara_1x1_d_c,7279,Nikon,1x,1,T1150001,VB8,,Mid,1of2,External,Tara,d,c
7280_T1150001_VB8_Mid_1of2_Tara_1x1_l_c,7280,Nikon,1x,1,T1150001,VB8,,Mid,1of2,External,Tara,l,c
7281_T1150001_VB8_Mid_1of2_Tara_1x1_p_c,7281,Nikon,1x,1,T1150001,VB8,,Mid,1of2,External,Tara,p,c
7282_T1150001_VB8_Mid_2of2_Tara_1x1_d_c,7282,Nikon,1x,1,T1150001,VB8,,Mid,2of2,External,Tara,d,c
7283_T1150001_VB8_Mid_2of2_Tara_1x1_l_c,7283,Nikon,1x,1,T1150001,VB8,,Mid,2of2,External,Tara,l,c
7284_T1150001_VB8_Mid_2of2_Tara_1x1_p_c,7284,Nikon,1x,1,T1150001,VB8,,Mid,2of2,External,Tara,p,c
7285_T1150001_VB7_Mid_1of2_Tara_1x1_d_c,7285,Nikon,1x,1,T1150001,VB7,,Mid,1of2,External,Tara,d,c
7286_T1150001_VB7_Mid_1of2_Tara_1x1_l_c,7286,Nikon,1x,1,T1150001,VB7,,Mid,1of2,External,Tara,l,c
7287_T1150001_VB7_Mid_1of2_Tara_1x1_p_c,7287,Nikon,1x,1,T1150001,VB7,,Mid,1of2,External,Tara,p,c
7288_T1150001_VB7_Mid_2of2_Tara_1x1_d_c,7288,Nikon,1x,1,T1150001,VB7,,Mid,2of2,External,Tara,d,c
7289_T1150001_VB7_Mid_2of2_Tara_1x1_l_c,7289,Nikon,1x,1,T1150001,VB7,,Mid,2of2,External,Tara,l,c
7290_T1150001_VB7_Mid_2of2_Tara_1x1_p_c,7290,Nikon,1x,1,T1150001,VB7,,Mid,2of2,External,Tara,p,c
7291_T1150001_VB7_Mid_1of2_Tara_1x1_d_c,7291,Nikon,1x,1,T1150001,VB7,,Mid,1of2,External,Tara,d,c
7292_T1150001_VB7_Mid_1of2_Tara_1x1_l_c,7292,Nikon,1x,1,T1150001,VB7,,Mid,1of2,External,Tara,l,c
7293_T1150001_VB7_Mid_1of2_Tara_1x1_p_c,7293,Nikon,1x,1,T1150001,VB7,,Mid,1of2,External,Tara,p,c
7294_T1150001_VB7_Mid_2of2_Tara_1x1_d_c,7294,Nikon,1x,1,T1150001,VB7,,Mid,2of2,External,Tara,d,c
7295_T1150001_VB7_Mid_2of2_Tara_1x1_l_c,7295,Nikon,1x,1,T1150001,VB7,,Mid,2of2,External,Tara,l,c
7296_T1150001_VB7_Mid_2of2_Tara_1x1_p_c,7296,Nikon,1x,1,T1150001,VB7,,Mid,2of2,External,Tara,p,c
7297_T1150001_VB9_Mid_1of2_Tara_1x1_d_c,7297,Nikon,1x,1,T1150001,VB9,,Mid,1of2,External,Tara,d,c
7298_T1150001_VB9_Mid_1of2_Tara_1x1_l_c,7298,Nikon,1x,1,T1150001,VB9,,Mid,1of2,External,Tara,l,c
7299_T1150001_VB9_Mid_1of2_Tara_1x1_p_c,7299,Nikon,1x,1,T1150001,VB9,,Mid,1of2,External,Tara,p,c
7300_T1150001_VB9_Mid_2of2_Tara_1x1_d_c,7300,Nikon,1x,1,T1150001,VB9,,Mid,2of2,External,Tara,d,c
7301_T1150001_VB9_Mid_2of2_Tara_1x1_l_c,7301,Nikon,1x,1,T1150001,VB9,,Mid,2of2,External,Tara,l,c
7302_T1150001_VB9_Mid_2of2_Tara_1x1_p_c,7302,Nikon,1x,1,T1150001,VB9,,Mid,2of2,External,Tara,p,c
7303_T1150001_VB9_Mid_2of2_Tara_1x1_d_c,7303,Nikon,1x,1,T1150001,VB9,,Mid,2of2,External,Tara,d,c
7304_T1150001_VB9_Mid_2of2_Tara_1x1_l_c,7304,Nikon,1x,1,T1150001,VB9,,Mid,2of2,External,Tara,l,c
7305_T1150001_VB9_Mid_2of2_Tara_1x1_p_c,7305,Nikon,1x,1,T1150001,VB9,,Mid,2of2,External,Tara,p,c
7306_T1150001_-_Top_1of1_Tara_1x1_d_c,7306,Nikon,1x,1,T1150001,,,Top,1of1,Solo,Tara,d,c
7307_T1150001_-_Top_1of1_Tara_1x1_l_c,7307,Nikon,1x,1,T1150001,,,Top,1of1,Solo,Tara,l,c
7308_T1150001_-_Top_1of1_Tara_1x1_p_c,7308,Nikon,1x,1,T1150001,,,Top,1of1,Solo,Tara,p,c
7309_T1150001_VB3_Top_1of1_Tara_1x1_d_c,7309,Nikon,1x,1,T1150001,VB3,,Top,1of1,Solo,Tara,d,c
7310_T1150001_VB3_Top_1of1_Tara_1x1_l_c,7310,Nikon,1x,1,T1150001,VB3,,Top,1of1,Solo,Tara,l,c
7311_T1150001_VB3_Top_1of1_Tara_1x1_p_c,7311,Nikon,1x,1,T1150001,VB3,,Top,1of1,Solo,Tara,p,c
7312_T1150001_VB3_Top_1of2_Tara_1x1_d_c,7312,Nikon,1x,1,T1150001,VB3,,Top,1of2,External,Tara,d,c
7313_T1150001_VB3_Top_1of2_Tara_1x1_l_c,7313,Nikon,1x,1,T1150001,VB3,,Top,1of2,External,Tara,l,c
7314_T1150001_VB3_Top_1of2_Tara_1x1_p_c,7314,Nikon,1x,1,T1150001,VB3,,Top,1of2,External,Tara,p,c
7315_T1150001_VB3_Top_2of2_Tara_1x1_d_c,7315,Nikon,1x,1,T1150001,VB3,,Top,2of2,External,Tara,d,c
7316_T1150001_VB3_Top_2of2_Tara_1x1_l_c,7316,Nikon,1x,1,T1150001,VB3,,Top,2of2,External,Tara,l,c
7317_T1150001_VB3_Top_2of2_Tara_1x1_p_c,7317,Nikon,1x,1,T1150001,VB3,,Top,2of2,External,Tara,p,c
7318_T1150001_VB5_Top_1of2_Tara_1x1_d_c,7318,Nikon,1x,1,T1150001,VB5,,Top,1of2,External,Tara,d,c
7319_T1150001_VB5_Top_1of2_Tara_1x1_l_c,7319,Nikon,1x,1,T1150001,VB5,,Top,1of2,External,Tara,l,c
7320_T1150001_VB5_Top_1of2_Tara_1x1_p_c,7320,Nikon,1x,1,T1150001,VB5,,Top,1of2,External,Tara,p,c
7321_T1150001_VB5_Top_2of2_Tara_1x1_d_c,7321,Nikon,1x,1,T1150001,VB5,,Top,2of2,External,Tara,d,c
7322_T1150001_VB5_Top_2of2_Tara_1x1_l_c,7322,Nikon,1x,1,T1150001,VB5,,Top,2of2,External,Tara,l,c
7323_T1150001_VB5_Top_2of2_Tara_1x1_p_c,7323,Nikon,1x,1,T1150001,VB5,,Top,2of2,External,Tara,p,c
7324_T1150001_VB5_Top_1of2_Tara_1x1_d_c,7324,Nikon,1x,1,T1150001,VB5,,Top,1of2,External,Tara,d,c
7325_T1150001_VB5_Top_1of2_Tara_1x1_l_c,7325,Nikon,1x,1,T1150001,VB5,,Top,1of2,External,Tara,l,c
7326_T1150001_VB5_Top_1of2_Tara_1x1_p_c,7326,Nikon,1x,1,T1150001,VB5,,Top,1of2,External,Tara,p,c
7327_T1150001_VB5_Top_2of2_Tara_1x1_d_c,7327,Nikon,1x,1,T1150001,VB5,,Top,2of2,External,Tara,d,c
7328_T1150001_VB5_Top_2of2_Tara_1x1_l_c,7328,Nikon,1x,1,T1150001,VB5,,Top,2of2,External,Tara,l,c
7329_T1150001_VB5_Top_2of2_Tara_1x1_p_c,7329,Nikon,1x,1,T1150001,VB5,,Top,2of2,External,Tara,p,c
7330_T1150001_VB5_Top_1of1_Tara_1x1_d_c,7330,Nikon,1x,1,T1150001,VB5,,Top,1of1,Solo,Tara,d,c
7331_T1150001_VB5_Top_1of1_Tara_1x1_l_c,7331,Nikon,1x,1,T1150001,VB5,,Top,1of1,Solo,Tara,l,c
7332_T1150001_VB5_Top_1of1_Tara_1x1_p_c,7332,Nikon,1x,1,T1150001,VB5,,Top,1of1,Solo,Tara,p,c
7414_T1150003_VB12_Base_1of2_Tara_1x1_d_c,7414,Nikon,1x,1,T1150003,VB12,,Base,1of2,External,Tara,d,c
7415_T1150003_VB12_Base_1of2_Tara_1x1_l_c,7415,Nikon,1x,1,T1150003,VB12,,Base,1of2,External,Tara,l,c
7416_T1150003_VB12_Base_1of2_Tara_1x1_p_c,7416,Nikon,1x,1,T1150003,VB12,,Base,1of2,External,Tara,p,c
7417_T1150003_VB12_Base_2of2_Tara_1x1_d_c,7417,Nikon,1x,1,T1150003,VB12,,Base,2of2,External,Tara,d,c
7418_T1150003_VB12_Base_2of2_Tara_1x1_l_c,7418,Nikon,1x,1,T1150003,VB12,,Base,2of2,External,Tara,l,c
7419_T1150003_VB12_Base_2of2_Tara_1x1_p_c,7419,Nikon,1x,1,T1150003,VB12,,Base,2of2,External,Tara,p,c
7420_T1150003_VB12_Base_1of2_Tara_1x1_d_c,7420,Nikon,1x,1,T1150003,VB12,,Base,1of2,External,Tara,d,c
7421_T1150003_VB12_Base_1of2_Tara_1x1_l_c,7421,Nikon,1x,1,T1150003,VB12,,Base,1of2,External,Tara,l,c
7422_T1150003_VB12_Base_1of2_Tara_1x1_p_c,7422,Nikon,1x,1,T1150003,VB12,,Base,1of2,External,Tara,p,c
7423_T1150003_VB12_Base_2of2_Tara_1x1_d_c,7423,Nikon,1x,1,T1150003,VB12,,Base,2of2,External,Tara,d,c
7424_T1150003_VB12_Base_2of2_Tara_1x1_l_c,7424,Nikon,1x,1,T1150003,VB12,,Base,2of2,External,Tara,l,c
7425_T1150003_VB12_Base_2of2_Tara_1x1_p_c,7425,Nikon,1x,1,T1150003,VB12,,Base,2of2,External,Tara,p,c
7426_T1150003_VB11_Base_1of2_Tara_1x1_d_c,7426,Nikon,1x,1,T1150003,VB11,,Base,1of2,External,Tara,d,c
7427_T1150003_VB11_Base_1of2_Tara_1x1_l_c,7427,Nikon,1x,1,T1150003,VB11,,Base,1of2,External,Tara,l,c
7428_T1150003_VB11_Base_1of2_Tara_1x1_p_c,7428,Nikon,1x,1,T1150003,VB11,,Base,1of2,External,Tara,p,c
7429_T1150003_VB11_Base_2of2_Tara_1x1_d_c,7429,Nikon,1x,1,T1150003,VB11,,Base,2of2,External,Tara,d,c
7430_T1150003_VB11_Base_2of2_Tara_1x1_l_c,7430,Nikon,1x,1,T1150003,VB11,,Base,2of2,External,Tara,l,c
7431_T1150003_VB11_Base_2of2_Tara_1x1_p_c,7431,Nikon,1x,1,T1150003,VB11,,Base,2of2,External,Tara,p,c
7432_T1150003_VB10_Base_1of2_Tara_1x1_d_c,7432,Nikon,1x,1,T1150003,VB10,,Base,1of2,External,Tara,d,c
7433_T1150003_VB10_Base_1of2_Tara_1x1_l_c,7433,Nikon,1x,1,T1150003,VB10,,Base,1of2,External,Tara,l,c
7434_T1150003_VB10_Base_1of2_Tara_1x1_p_c,7434,Nikon,1x,1,T1150003,VB10,,Base,1of2,External,Tara,p,c
7435_T1150003_VB10_Base_2of2_Tara_1x1_d_c,7435,Nikon,1x,1,T1150003,VB10,,Base,2of2,External,Tara,d,c
7436_T1150003_VB10_Base_2of2_Tara_1x1_l_c,7436,Nikon,1x,1,T1150003,VB10,,Base,2of2,External,Tara,l,c
7437_T1150003_VB10_Base_2of2_Tara_1x1_p_c,7437,Nikon,1x,1,T1150003,VB10,,Base,2of2,External,Tara,p,c
7438_T1150003_VB10_Base_1of2_Tara_1x1_d_c,7438,Nikon,1x,1,T1150003,VB10,,Base,1of2,External,Tara,d,c
7439_T1150003_VB10_Base_1of2_Tara_1x1_l_c,7439,Nikon,1x,1,T1150003,VB10,,Base,1of2,External,Tara,l,c
7440_T1150003_VB10_Base_1of2_Tara_1x1_p_c,7440,Nikon,1x,1,T1150003,VB10,,Base,1of2,External,Tara,p,c
7441_T1150003_VB7_Mid_1of2_Tara_1x1_d_c,7441,Nikon,1x,1,T1150003,VB7,,Mid,1of2,External,Tara,d,c
7442_T1150003_VB7_Mid_1of2_Tara_1x1_l_c,7442,Nikon,1x,1,T1150003,VB7,,Mid,1of2,External,Tara,l,c
7443_T1150003_VB7_Mid_1of2_Tara_1x1_p_c,7443,Nikon,1x,1,T1150003,VB7,,Mid,1of2,External,Tara,p,c
7444_T1150003_VB7_Mid_2of2_Tara_1x1_d_c,7444,Nikon,1x,1,T1150003,VB7,,Mid,2of2,External,Tara,d,c
7445_T1150003_VB7_Mid_2of2_Tara_1x1_l_c,7445,Nikon,1x,1,T1150003,VB7,,Mid,2of2,External,Tara,l,c
7446_T1150003_VB7_Mid_2of2_Tara_1x1_p_c,7446,Nikon,1x,1,T1150003,VB7,,Mid,2of2,External,Tara,p,c
7447_T1150003_VB7_Mid_1of2_Tara_1x1_d_c,7447,Nikon,1x,1,T1150003,VB7,,Mid,1of2,External,Tara,d,c
7448_T1150003_VB7_Mid_1of2_Tara_1x1_l_c,7448,Nikon,1x,1,T1150003,VB7,,Mid,1of2,External,Tara,l,c
7449_T1150003_VB7_Mid_1of2_Tara_1x1_p_c,7449,Nikon,1x,1,T1150003,VB7,,Mid,1of2,External,Tara,p,c
7450_T1150003_VB7_Mid_2of2_Tara_1x1_d_c,7450,Nikon,1x,1,T1150003,VB7,,Mid,2of2,External,Tara,d,c
7451_T1150003_VB7_Mid_2of2_Tara_1x1_l_c,7451,Nikon,1x,1,T1150003,VB7,,Mid,2of2,External,Tara,l,c
7452_T1150003_VB7_Mid_2of2_Tara_1x1_p_c,7452,Nikon,1x,1,T1150003,VB7,,Mid,2of2,External,Tara,p,c
7453_T1150003_VB7_Mid_1of2_Tara_1x1_d_c,7453,Nikon,1x,1,T1150003,VB7,,Mid,1of2,External,Tara,d,c
7454_T1150003_VB7_Mid_1of2_Tara_1x1_l_c,7454,Nikon,1x,1,T1150003,VB7,,Mid,1of2,External,Tara,l,c
7455_T1150003_VB7_Mid_1of2_Tara_1x1_p_c,7455,Nikon,1x,1,T1150003,VB7,,Mid,1of2,External,Tara,p,c
7456_T1150003_VB7_Mid_2of2_Tara_1x1_d_c,7456,Nikon,1x,1,T1150003,VB7,,Mid,2of2,External,Tara,d,c
7457_T1150003_VB7_Mid_2of2_Tara_1x1_l_c,7457,Nikon,1x,1,T1150003,VB7,,Mid,2of2,External,Tara,l,c
7458_T1150003_VB7_Mid_2of2_Tara_1x1_p_c,7458,Nikon,1x,1,T1150003,VB7,,Mid,2of2,External,Tara,p,c
7459_T1150003_VB7_Mid_1of2_Tara_1x1_d_c,7459,Nikon,1x,1,T1150003,VB7,,Mid,1of2,External,Tara,d,c
7460_T1150003_VB7_Mid_1of2_Tara_1x1_l_c,7460,Nikon,1x,1,T1150003,VB7,,Mid,1of2,External,Tara,l,c
7461_T1150003_VB7_Mid_1of2_Tara_1x1_p_c,7461,Nikon,1x,1,T1150003,VB7,,Mid,1of2,External,Tara,p,c
7462_T1150003_VB7_Mid_1of2_Tara_1x1_d_c,7462,Nikon,1x,1,T1150003,VB7,,Mid,1of2,External,Tara,d,c
7463_T1150003_VB7_Mid_1of2_Tara_1x1_l_c,7463,Nikon,1x,1,T1150003,VB7,,Mid,1of2,External,Tara,l,c
7464_T1150003_VB7_Mid_1of2_Tara_1x1_p_c,7464,Nikon,1x,1,T1150003,VB7,,Mid,1of2,External,Tara,p,c
7465_T1150003_VB7_Mid_2of2_Tara_1x1_d_c,7465,Nikon,1x,1,T1150003,VB7,,Mid,2of2,External,Tara,d,c
7466_T1150003_VB7_Mid_2of2_Tara_1x1_l_c,7466,Nikon,1x,1,T1150003,VB7,,Mid,2of2,External,Tara,l,c
7467_T1150003_VB7_Mid_2of2_Tara_1x1_p_c,7467,Nikon,1x,1,T1150003,VB7,,Mid,2of2,External,Tara,p,c
7468_T1150003_-_Top_1of2_Tara_1x1_d_c,7468,Nikon,1x,1,T1150003,,,Top,1of2,External,Tara,d,c
7469_T1150003_-_Top_1of2_Tara_1x1_l_c,7469,Nikon,1x,1,T1150003,,,Top,1of2,External,Tara,l,c
7470_T1150003_-_Top_1of2_Tara_1x1_p_c,7470,Nikon,1x,1,T1150003,,,Top,1of2,External,Tara,p,c
7471_T1150003_-_Top_2of2_Tara_1x1_d_c,7471,Nikon,1x,1,T1150003,,,Top,2of2,External,Tara,d,c
7472_T1150003_-_Top_2of2_Tara_1x1_l_c,7472,Nikon,1x,1,T1150003,,,Top,2of2,External,Tara,l,c
7473_T1150003_-_Top_2of2_Tara_1x1_p_c,7473,Nikon,1x,1,T1150003,,,Top,2of2,External,Tara,p,c
7474_T1150003_-_Top_1of1_Tara_1x1_d_c,7474,Nikon,1x,1,T1150003,,,Top,1of1,Solo,Tara,d,c
7475_T1150003_-_Top_1of1_Tara_1x1_l_c,7475,Nikon,1x,1,T1150003,,,Top,1of1,Solo,Tara,l,c
7476_T1150003_-_Top_1of1_Tara_1x1_p_c,7476,Nikon,1x,1,T1150003,,,Top,1of1,Solo,Tara,p,c
7477_T1150003_-_Top_1of1_Tara_1x1_d_c,7477,Nikon,1x,1,T1150003,,,Top,1of1,Solo,Tara,d,c
7478_T1150003_-_Top_1of1_Tara_1x1_l_c,7478,Nikon,1x,1,T1150003,,,Top,1of1,Solo,Tara,l,c
7479_T1150003_-_Top_1of1_Tara_1x1_p_c,7479,Nikon,1x,1,T1150003,,,Top,1of1,Solo,Tara,p,c
7480_T1150003_VB2_Top_1of1_Tara_1x1_d_c,7480,Nikon,1x,1,T1150003,VB2,,Top,1of1,Solo,Tara,d,c
7481_T1150003_VB2_Top_1of1_Tara_1x1_l_c,7481,Nikon,1x,1,T1150003,VB2,,Top,1of1,Solo,Tara,l,c
7482_T1150003_VB2_Top_1of1_Tara_1x1_p_c,7482,Nikon,1x,1,T1150003,VB2,,Top,1of1,Solo,Tara,p,c
7483_T1150003_VB2_Top_1of1_Tara_1x1_d_c,7483,Nikon,1x,1,T1150003,VB2,,Top,1of1,Solo,Tara,d,c
7484_T1150003_VB2_Top_1of1_Tara_1x1_l_c,7484,Nikon,1x,1,T1150003,VB2,,Top,1of1,Solo,Tara,l,c
7485_T1150003_VB2_Top_1of1_Tara_1x1_p_c,7485,Nikon,1x,1,T1150003,VB2,,Top,1of1,Solo,Tara,p,c
7486_T1150003_VB3_Top_1of2_Tara_1x1_d_c,7486,Nikon,1x,1,T1150003,VB3,,Top,1of2,External,Tara,d,c
7487_T1150003_VB3_Top_1of2_Tara_1x1_l_c,7487,Nikon,1x,1,T1150003,VB3,,Top,1of2,External,Tara,l,c
7488_T1150003_VB3_Top_1of2_Tara_1x1_p_c,7488,Nikon,1x,1,T1150003,VB3,,Top,1of2,External,Tara,p,c
7489_T1150003_VB3_Top_2of2_Tara_1x1_d_c,7489,Nikon,1x,1,T1150003,VB3,,Top,2of2,External,Tara,d,c
7490_T1150003_VB3_Top_2of2_Tara_1x1_l_c,7490,Nikon,1x,1,T1150003,VB3,,Top,2of2,External,Tara,l,c
7491_T1150003_VB3_Top_2of2_Tara_1x1_p_c,7491,Nikon,1x,1,T1150003,VB3,,Top,2of2,External,Tara,p,c
7492_T1150003_VB3_Top_1of2_Tara_1x1_d_c,7492,Nikon,1x,1,T1150003,VB3,,Top,1of2,External,Tara,d,c
7493_T1150003_VB3_Top_1of2_Tara_1x1_l_c,7493,Nikon,1x,1,T1150003,VB3,,Top,1of2,External,Tara,l,c
7494_T1150003_VB3_Top_1of2_Tara_1x1_p_c,7494,Nikon,1x,1,T1150003,VB3,,Top,1of2,External,Tara,p,c
