Filename,ID,Microscope,Objective,Mag,Accession,Ear /Bundles,Ear row,Ear Position,Spk position,Position type,taxon.code,View,Charred?
1516_TRI17251_A_R1_1of1_Tdicm_1x1_d_c,1516,Nikon,1x,1,TRI17251,A,R1,Base,1of1,Solo,Tdicm,d,c
1517_TRI17251_A_R1_1of1_Tdicm_1x1_l_c,1517,Nikon,1x,1,TRI17251,A,R1,Base,1of1,Solo,Tdicm,l,c
1519_TRI17251_A_R2_1of1_Tdicm_1x1_d_c,1519,Nikon,1x,1,TRI17251,A,R2,Base,1of1,Solo,Tdicm,d,c
1520_TRI17251_A_R2_1of1_Tdicm_1x1_l_c,1520,Nikon,1x,1,TRI17251,A,R2,Base,1of1,Solo,Tdicm,l,c
1522_TRI17251_A_R3_1of2_Tdicm_1x1_d_c,1522,Nikon,1x,1,TRI17251,A,R3,Base,1of2,External,Tdicm,d,c
1523_TRI17251_A_R3_1of2_Tdicm_1x1_l_c,1523,Nikon,1x,1,TRI17251,A,R3,Base,1of2,External,Tdicm,l,c
1525_TRI17251_A_R9_1of1_Tdicm_1x1_d_c,1525,Nikon,1x,1,TRI17251,A,R9,Mid,1of1,Solo,Tdicm,d,c
1526_TRI17251_A_R9_1of1_Tdicm_1x1_l_c,1526,Nikon,1x,1,TRI17251,A,R9,Mid,1of1,Solo,Tdicm,l,c
1528_TRI17251_A_R10_1of2_Tdicm_1x1_d_c,1528,Nikon,1x,1,TRI17251,A,R10,Mid,1of2,External,Tdicm,d,c
1529_TRI17251_A_R10_1of2_Tdicm_1x1_l_c,1529,Nikon,1x,1,TRI17251,A,R10,Mid,1of2,External,Tdicm,l,c
1531_TRI17251_A_R10_2of2_Tdicm_1x1_d_c,1531,Nikon,1x,1,TRI17251,A,R10,Mid,2of2,External,Tdicm,d,c
1532_TRI17251_A_R10_2of2_Tdicm_1x1_l_c,1532,Nikon,1x,1,TRI17251,A,R10,Mid,2of2,External,Tdicm,l,c
1534_TRI17251_A_R17_1of2_Tdicm_1x1_d_c,1534,Nikon,1x,1,TRI17251,A,R17,Top,1of2,External,Tdicm,d,c
1535_TRI17251_A_R17_1of2_Tdicm_1x1_l_c,1535,Nikon,1x,1,TRI17251,A,R17,Top,1of2,External,Tdicm,l,c
1537_TRI17251_A_R18_1of2_Tdicm_1x1_d_c,1537,Nikon,1x,1,TRI17251,A,R18,Top,1of2,External,Tdicm,d,c
1538_TRI17251_A_R18_1of2_Tdicm_1x1_l_c,1538,Nikon,1x,1,TRI17251,A,R18,Top,1of2,External,Tdicm,l,c
1540_TRI17251_A_R18_2of2_Tdicm_1x1_d_c,1540,Nikon,1x,1,TRI17251,A,R18,Top,2of2,External,Tdicm,d,c
1541_TRI17251_A_R18_2of2_Tdicm_1x1_l_c,1541,Nikon,1x,1,TRI17251,A,R18,Top,2of2,External,Tdicm,l,c
1543_TRI677_A_R1_1of2_Timo_1x1_d_c,1543,Nikon,1x,1,TRI677,A,R1,Base,1of2,External,Timo,d,c
1544_TRI677_A_R1_1of2_Timo_1x1_l_c,1544,Nikon,1x,1,TRI677,A,R1,Base,1of2,External,Timo,l,c
1546_TRI677_A_R1_2of2_Timo_1x1_d_c,1546,Nikon,1x,1,TRI677,A,R1,Base,2of2,External,Timo,d,c
1547_TRI677_A_R1_2of2_Timo_1x1_l_c,1547,Nikon,1x,1,TRI677,A,R1,Base,2of2,External,Timo,l,c
1549_TRI677_A_R2_1of2_Timo_1x1_d_c,1549,Nikon,1x,1,TRI677,A,R2,Base,1of2,External,Timo,d,c
1550_TRI677_A_R2_1of2_Timo_1x1_l_c,1550,Nikon,1x,1,TRI677,A,R2,Base,1of2,External,Timo,l,c
1552_TRI677_A_R7_1of2_Timo_1x1_d_c,1552,Nikon,1x,1,TRI677,A,R7,Mid,1of2,External,Timo,d,c
1553_TRI677_A_R7_1of2_Timo_1x1_l_c,1553,Nikon,1x,1,TRI677,A,R7,Mid,1of2,External,Timo,l,c
1555_TRI677_A_R7_2of2_Timo_1x1_d_c,1555,Nikon,1x,1,TRI677,A,R7,Mid,2of2,External,Timo,d,c
1556_TRI677_A_R7_2of2_Timo_1x1_l_c,1556,Nikon,1x,1,TRI677,A,R7,Mid,2of2,External,Timo,l,c
1558_TRI677_A_R8_2of2_Timo_1x1_d_c,1558,Nikon,1x,1,TRI677,A,R8,Mid,2of2,External,Timo,d,c
1559_TRI677_A_R8_2of2_Timo_1x1_l_c,1559,Nikon,1x,1,TRI677,A,R8,Mid,2of2,External,Timo,l,c
1561_TRI677_A_R13_1of2_Timo_1x1_d_c,1561,Nikon,1x,1,TRI677,A,R13,Top,1of2,External,Timo,d,c
1562_TRI677_A_R13_1of2_Timo_1x1_l_c,1562,Nikon,1x,1,TRI677,A,R13,Top,1of2,External,Timo,l,c
1564_TRI677_A_R13_2of2_Timo_1x1_d_c,1564,Nikon,1x,1,TRI677,A,R13,Top,2of2,External,Timo,d,c
1565_TRI677_A_R13_2of2_Timo_1x1_l_c,1565,Nikon,1x,1,TRI677,A,R13,Top,2of2,External,Timo,l,c
1567_TRI677_A_R14_1of1_Timo_1x1_d_c,1567,Nikon,1x,1,TRI677,A,R14,Top,1of1,Solo,Timo,d,c
1568_TRI677_A_R14_1of1_Timo_1x1_l_c,1568,Nikon,1x,1,TRI677,A,R14,Top,1of1,Solo,Timo,l,c
1759_TRI677_B_R1_1of2_Timo_1x1_d_c,1759,Nikon,1x,1,TRI677,B,R1,Base,1of2,External,Timo,d,c
1760_TRI677_B_R1_1of2_Timo_1x1_l_c,1760,Nikon,1x,1,TRI677,B,R1,Base,1of2,External,Timo,l,c
1762_TRI677_B_R1_2of2_Timo_1x1_d_c,1762,Nikon,1x,1,TRI677,B,R1,Base,2of2,External,Timo,d,c
1763_TRI677_B_R1_2of2_Timo_1x1_l_c,1763,Nikon,1x,1,TRI677,B,R1,Base,2of2,External,Timo,l,c
1765_TRI677_B_R2_1of2_Timo_1x1_d_c,1765,Nikon,1x,1,TRI677,B,R2,Base,1of2,External,Timo,d,c
1766_TRI677_B_R2_1of2_Timo_1x1_l_c,1766,Nikon,1x,1,TRI677,B,R2,Base,1of2,External,Timo,l,c
1768_TRI677_B_R6_1of2_Timo_1x1_d_c,1768,Nikon,1x,1,TRI677,B,R6,Mid,1of2,External,Timo,d,c
1769_TRI677_B_R6_1of2_Timo_1x1_l_c,1769,Nikon,1x,1,TRI677,B,R6,Mid,1of2,External,Timo,l,c
1771_TRI677_B_R6_2of2_Timo_1x1_d_c,1771,Nikon,1x,1,TRI677,B,R6,Mid,2of2,External,Timo,d,c
1772_TRI677_B_R6_2of2_Timo_1x1_l_c,1772,Nikon,1x,1,TRI677,B,R6,Mid,2of2,External,Timo,l,c
1774_TRI677_B_R7_2of2_Timo_1x1_d_c,1774,Nikon,1x,1,TRI677,B,R7,Mid,2of2,External,Timo,d,c
1775_TRI677_B_R7_2of2_Timo_1x1_l_c,1775,Nikon,1x,1,TRI677,B,R7,Mid,2of2,External,Timo,l,c
1777_TRI677_B_R9_1of2_Timo_1x1_d_c,1777,Nikon,1x,1,TRI677,B,R9,Top,1of2,External,Timo,d,c
1778_TRI677_B_R9_1of2_Timo_1x1_l_c,1778,Nikon,1x,1,TRI677,B,R9,Top,1of2,External,Timo,l,c
1780_TRI677_B_R10_1of1_Timo_1x1_d_c,1780,Nikon,1x,1,TRI677,B,R10,Top,1of1,Solo,Timo,d,c
1781_TRI677_B_R10_1of1_Timo_1x1_l_c,1781,Nikon,1x,1,TRI677,B,R10,Top,1of1,Solo,Timo,l,c
1783_TRI677_B_R11_1of1_Timo_1x1_d_c,1783,Nikon,1x,1,TRI677,B,R11,Top,1of1,Solo,Timo,d,c
1784_TRI677_B_R11_1of1_Timo_1x1_l_c,1784,Nikon,1x,1,TRI677,B,R11,Top,1of1,Solo,Timo,l,c
1786_TRI677_C_R1_1of2_Timo_1x1_d_c,1786,Nikon,1x,1,TRI677,C,R1,Base,1of2,External,Timo,d,c
1787_TRI677_C_R1_1of2_Timo_1x1_l_c,1787,Nikon,1x,1,TRI677,C,R1,Base,1of2,External,Timo,l,c
1789_TRI677_C_R1_2of2_Timo_1x1_d_c,1789,Nikon,1x,1,TRI677,C,R1,Base,2of2,External,Timo,d,c
1790_TRI677_C_R1_2of2_Timo_1x1_l_c,1790,Nikon,1x,1,TRI677,C,R1,Base,2of2,External,Timo,l,c
1792_TRI677_C_R2_2of2_Timo_1x1_d_c,1792,Nikon,1x,1,TRI677,C,R2,Base,2of2,External,Timo,d,c
1793_TRI677_C_R2_2of2_Timo_1x1_l_c,1793,Nikon,1x,1,TRI677,C,R2,Base,2of2,External,Timo,l,c
1795_TRI677_C_R7_1of2_Timo_1x1_d_c,1795,Nikon,1x,1,TRI677,C,R7,Mid,1of2,External,Timo,d,c
1796_TRI677_C_R7_1of2_Timo_1x1_l_c,1796,Nikon,1x,1,TRI677,C,R7,Mid,1of2,External,Timo,l,c
1798_TRI677_C_R7_2of2_Timo_1x1_d_c,1798,Nikon,1x,1,TRI677,C,R7,Mid,2of2,External,Timo,d,c
1799_TRI677_C_R7_2of2_Timo_1x1_l_c,1799,Nikon,1x,1,TRI677,C,R7,Mid,2of2,External,Timo,l,c
1801_TRI677_C_R8_1of2_Timo_1x1_d_c,1801,Nikon,1x,1,TRI677,C,R8,Mid,1of2,External,Timo,d,c
1802_TRI677_C_R8_1of2_Timo_1x1_l_c,1802,Nikon,1x,1,TRI677,C,R8,Mid,1of2,External,Timo,l,c
1804_TRI677_C_R13_1of2_Timo_1x1_d_c,1804,Nikon,1x,1,TRI677,C,R13,Top,1of2,External,Timo,d,c
1805_TRI677_C_R13_1of2_Timo_1x1_l_c,1805,Nikon,1x,1,TRI677,C,R13,Top,1of2,External,Timo,l,c
1807_TRI677_C_R13_2of2_Timo_1x1_d_c,1807,Nikon,1x,1,TRI677,C,R13,Top,2of2,External,Timo,d,c
1808_TRI677_C_R13_2of2_Timo_1x1_l_c,1808,Nikon,1x,1,TRI677,C,R13,Top,2of2,External,Timo,l,c
1810_TRI677_C_R14_1of1_Timo_1x1_d_c,1810,Nikon,1x,1,TRI677,C,R14,Top,1of1,Solo,Timo,d,c
1811_TRI677_C_R14_1of1_Timo_1x1_l_c,1811,Nikon,1x,1,TRI677,C,R14,Top,1of1,Solo,Timo,l,c
1867_T1160001_A_R1_2of2_Timo_1x1_d_c,1867,Nikon,1x,1,T1160001,A,R1,Base,2of2,External,Timo,d,c
1868_T1160001_A_R1_2of2_Timo_1x1_l_c,1868,Nikon,1x,1,T1160001,A,R1,Base,2of2,External,Timo,l,c
1870_T1160001_A_R2_1of2_Timo_1x1_d_c,1870,Nikon,1x,1,T1160001,A,R2,Base,1of2,External,Timo,d,c
1871_T1160001_A_R2_1of2_Timo_1x1_l_c,1871,Nikon,1x,1,T1160001,A,R2,Base,1of2,External,Timo,l,c
1873_T1160001_A_R2_2of2_Timo_1x1_d_c,1873,Nikon,1x,1,T1160001,A,R2,Base,2of2,External,Timo,d,c
1874_T1160001_A_R2_2of2_Timo_1x1_l_c,1874,Nikon,1x,1,T1160001,A,R2,Base,2of2,External,Timo,l,c
1876_T1160001_A_R11_1of2_Timo_1x1_d_c,1876,Nikon,1x,1,T1160001,A,R11,Mid,1of2,External,Timo,d,c
1877_T1160001_A_R11_1of2_Timo_1x1_l_c,1877,Nikon,1x,1,T1160001,A,R11,Mid,1of2,External,Timo,l,c
1879_T1160001_A_R11_2of2_Timo_1x1_d_c,1879,Nikon,1x,1,T1160001,A,R11,Mid,2of2,External,Timo,d,c
1880_T1160001_A_R11_2of2_Timo_1x1_l_c,1880,Nikon,1x,1,T1160001,A,R11,Mid,2of2,External,Timo,l,c
1882_T1160001_A_R12_1of2_Timo_1x1_d_c,1882,Nikon,1x,1,T1160001,A,R12,Mid,1of2,External,Timo,d,c
1883_T1160001_A_R12_1of2_Timo_1x1_l_c,1883,Nikon,1x,1,T1160001,A,R12,Mid,1of2,External,Timo,l,c
1885_T1160001_A_R20_2of2_Timo_1x1_d_c,1885,Nikon,1x,1,T1160001,A,R20,Top,2of2,External,Timo,d,c
1886_T1160001_A_R20_2of2_Timo_1x1_l_c,1886,Nikon,1x,1,T1160001,A,R20,Top,2of2,External,Timo,l,c
1888_T1160001_A_R21_1of1_Timo_1x1_d_c,1888,Nikon,1x,1,T1160001,A,R21,Top,1of1,Solo,Timo,d,c
1889_T1160001_A_R21_1of1_Timo_1x1_l_c,1889,Nikon,1x,1,T1160001,A,R21,Top,1of1,Solo,Timo,l,c
1891_T1160001_A_R22_1of1_Timo_1x1_d_c,1891,Nikon,1x,1,T1160001,A,R22,Top,1of1,Solo,Timo,d,c
1892_T1160001_A_R22_1of1_Timo_1x1_l_c,1892,Nikon,1x,1,T1160001,A,R22,Top,1of1,Solo,Timo,l,c
1894_T1160001_B_R1_1of2_Timo_1x1_d_c,1894,Nikon,1x,1,T1160001,B,R1,Base,1of2,External,Timo,d,c
1895_T1160001_B_R1_1of2_Timo_1x1_l_c,1895,Nikon,1x,1,T1160001,B,R1,Base,1of2,External,Timo,l,c
1897_T1160001_B_R1_2of2_Timo_1x1_d_c,1897,Nikon,1x,1,T1160001,B,R1,Base,2of2,External,Timo,d,c
1898_T1160001_B_R1_2of2_Timo_1x1_l_c,1898,Nikon,1x,1,T1160001,B,R1,Base,2of2,External,Timo,l,c
1900_T1160001_B_R2_1of2_Timo_1x1_d_c,1900,Nikon,1x,1,T1160001,B,R2,Base,1of2,External,Timo,d,c
1901_T1160001_B_R2_1of2_Timo_1x1_l_c,1901,Nikon,1x,1,T1160001,B,R2,Base,1of2,External,Timo,l,c
1903_T1160001_B_R10_1of2_Timo_1x1_d_c,1903,Nikon,1x,1,T1160001,B,R10,Mid,1of2,External,Timo,d,c
1904_T1160001_B_R10_1of2_Timo_1x1_l_c,1904,Nikon,1x,1,T1160001,B,R10,Mid,1of2,External,Timo,l,c
1906_T1160001_B_R10_2of2_Timo_1x1_d_c,1906,Nikon,1x,1,T1160001,B,R10,Mid,2of2,External,Timo,d,c
1907_T1160001_B_R10_2of2_Timo_1x1_l_c,1907,Nikon,1x,1,T1160001,B,R10,Mid,2of2,External,Timo,l,c
1909_T1160001_B_R11_2of2_Timo_1x1_d_c,1909,Nikon,1x,1,T1160001,B,R11,Mid,2of2,External,Timo,d,c
1910_T1160001_B_R11_2of2_Timo_1x1_l_c,1910,Nikon,1x,1,T1160001,B,R11,Mid,2of2,External,Timo,l,c
1912_T1160001_B_R18_1of1_Timo_1x1_d_c,1912,Nikon,1x,1,T1160001,B,R18,Top,1of1,Solo,Timo,d,c
1913_T1160001_B_R18_1of1_Timo_1x1_l_c,1913,Nikon,1x,1,T1160001,B,R18,Top,1of1,Solo,Timo,l,c
1915_T1160001_B_R19_1of1_Timo_1x1_d_c,1915,Nikon,1x,1,T1160001,B,R19,Top,1of1,Solo,Timo,d,c
1916_T1160001_B_R19_1of1_Timo_1x1_l_c,1916,Nikon,1x,1,T1160001,B,R19,Top,1of1,Solo,Timo,l,c
1918_T1160001_B_R20_1of1_Timo_1x1_d_c,1918,Nikon,1x,1,T1160001,B,R20,Top,1of1,Solo,Timo,d,c
1919_T1160001_B_R20_1of1_Timo_1x1_l_c,1919,Nikon,1x,1,T1160001,B,R20,Top,1of1,Solo,Timo,l,c
1921_T1160001_C_R1_1of1_Timo_1x1_d_c,1921,Nikon,1x,1,T1160001,C,R1,Base,1of1,Solo,Timo,d,c
1922_T1160001_C_R1_1of1_Timo_1x1_l_c,1922,Nikon,1x,1,T1160001,C,R1,Base,1of1,Solo,Timo,l,c
1924_T1160001_C_R2_1of2_Timo_1x1_d_c,1924,Nikon,1x,1,T1160001,C,R2,Base,1of2,External,Timo,d,c
1925_T1160001_C_R2_1of2_Timo_1x1_l_c,1925,Nikon,1x,1,T1160001,C,R2,Base,1of2,External,Timo,l,c
1927_T1160001_C_R2_2of2_Timo_1x1_d_c,1927,Nikon,1x,1,T1160001,C,R2,Base,2of2,External,Timo,d,c
1928_T1160001_C_R2_2of2_Timo_1x1_l_c,1928,Nikon,1x,1,T1160001,C,R2,Base,2of2,External,Timo,l,c
1930_T1160001_C_R11_1of2_Timo_1x1_d_c,1930,Nikon,1x,1,T1160001,C,R11,Mid,1of2,External,Timo,d,c
1931_T1160001_C_R11_1of2_Timo_1x1_l_c,1931,Nikon,1x,1,T1160001,C,R11,Mid,1of2,External,Timo,l,c
1933_T1160001_C_R11_2of2_Timo_1x1_d_c,1933,Nikon,1x,1,T1160001,C,R11,Mid,2of2,External,Timo,d,c
1934_T1160001_C_R11_2of2_Timo_1x1_l_c,1934,Nikon,1x,1,T1160001,C,R11,Mid,2of2,External,Timo,l,c
1936_T1160001_C_R12_2of2_Timo_1x1_d_c,1936,Nikon,1x,1,T1160001,C,R12,Mid,2of2,External,Timo,d,c
1937_T1160001_C_R12_2of2_Timo_1x1_l_c,1937,Nikon,1x,1,T1160001,C,R12,Mid,2of2,External,Timo,l,c
1939_T1160001_C_R20_1of2_Timo_1x1_d_c,1939,Nikon,1x,1,T1160001,C,R20,Top,1of2,External,Timo,d,c
1940_T1160001_C_R20_1of2_Timo_1x1_l_c,1940,Nikon,1x,1,T1160001,C,R20,Top,1of2,External,Timo,l,c
1942_T1160001_C_R21_1of1_Timo_1x1_d_c,1942,Nikon,1x,1,T1160001,C,R21,Top,1of1,Solo,Timo,d,c
1943_T1160001_C_R21_1of1_Timo_1x1_l_c,1943,Nikon,1x,1,T1160001,C,R21,Top,1of1,Solo,Timo,l,c
1945_T1160001_C_R22_1of1_Timo_1x1_d_c,1945,Nikon,1x,1,T1160001,C,R22,Top,1of1,Solo,Timo,d,c
1946_T1160001_C_R22_1of1_Timo_1x1_l_c,1946,Nikon,1x,1,T1160001,C,R22,Top,1of1,Solo,Timo,l,c
1948_T1070018_A_R1_1of2_Tdicm_1x1_d_c,1948,Nikon,1x,1,T1070018,A,R1,Base,1of2,External,Tdicm,d,c
1949_T1070018_A_R1_1of2_Tdicm_1x1_l_c,1949,Nikon,1x,1,T1070018,A,R1,Base,1of2,External,Tdicm,l,c
1951_T1070018_A_R1_2of2_Tdicm_1x1_d_c,1951,Nikon,1x,1,T1070018,A,R1,Base,2of2,External,Tdicm,d,c
1952_T1070018_A_R1_2of2_Tdicm_1x1_l_c,1952,Nikon,1x,1,T1070018,A,R1,Base,2of2,External,Tdicm,l,c
1954_T1070018_A_R2_1of2_Tdicm_1x1_d_c,1954,Nikon,1x,1,T1070018,A,R2,Base,1of2,External,Tdicm,d,c
1955_T1070018_A_R2_1of2_Tdicm_1x1_l_c,1955,Nikon,1x,1,T1070018,A,R2,Base,1of2,External,Tdicm,l,c
1957_T1070018_A_R9_1of2_Tdicm_1x1_d_c,1957,Nikon,1x,1,T1070018,A,R9,Mid,1of2,External,Tdicm,d,c
1958_T1070018_A_R9_1of2_Tdicm_1x1_l_c,1958,Nikon,1x,1,T1070018,A,R9,Mid,1of2,External,Tdicm,l,c
1960_T1070018_A_R9_2of2_Tdicm_1x1_d_c,1960,Nikon,1x,1,T1070018,A,R9,Mid,2of2,External,Tdicm,d,c
1961_T1070018_A_R9_2of2_Tdicm_1x1_l_c,1961,Nikon,1x,1,T1070018,A,R9,Mid,2of2,External,Tdicm,l,c
1963_T1070018_A_R10_2of2_Tdicm_1x1_d_c,1963,Nikon,1x,1,T1070018,A,R10,Mid,2of2,External,Tdicm,d,c
1964_T1070018_A_R10_2of2_Tdicm_1x1_l_c,1964,Nikon,1x,1,T1070018,A,R10,Mid,2of2,External,Tdicm,l,c
1966_T1070018_A_R16_1of2_Tdicm_1x1_d_c,1966,Nikon,1x,1,T1070018,A,R16,Top,1of2,External,Tdicm,d,c
1967_T1070018_A_R16_1of2_Tdicm_1x1_l_c,1967,Nikon,1x,1,T1070018,A,R16,Top,1of2,External,Tdicm,l,c
1969_T1070018_A_R16_2of2_Tdicm_1x1_d_c,1969,Nikon,1x,1,T1070018,A,R16,Top,2of2,External,Tdicm,d,c
1970_T1070018_A_R16_2of2_Tdicm_1x1_l_c,1970,Nikon,1x,1,T1070018,A,R16,Top,2of2,External,Tdicm,l,c
1972_T1070018_A_R17_1of1_Tdicm_1x1_d_c,1972,Nikon,1x,1,T1070018,A,R17,Top,1of1,Solo,Tdicm,d,c
1973_T1070018_A_R17_1of1_Tdicm_1x1_l_c,1973,Nikon,1x,1,T1070018,A,R17,Top,1of1,Solo,Tdicm,l,c
1975_T1070018_B_R1_1of2_Tdicm_1x1_d_c,1975,Nikon,1x,1,T1070018,B,R1,Base,1of2,External,Tdicm,d,c
1976_T1070018_B_R1_1of2_Tdicm_1x1_l_c,1976,Nikon,1x,1,T1070018,B,R1,Base,1of2,External,Tdicm,l,c
1978_T1070018_B_R1_2of2_Tdicm_1x1_d_c,1978,Nikon,1x,1,T1070018,B,R1,Base,2of2,External,Tdicm,d,c
1979_T1070018_B_R1_2of2_Tdicm_1x1_l_c,1979,Nikon,1x,1,T1070018,B,R1,Base,2of2,External,Tdicm,l,c
1981_T1070018_B_R2_2of2_Tdicm_1x1_d_c,1981,Nikon,1x,1,T1070018,B,R2,Base,2of2,External,Tdicm,d,c
1982_T1070018_B_R2_2of2_Tdicm_1x1_l_c,1982,Nikon,1x,1,T1070018,B,R2,Base,2of2,External,Tdicm,l,c
1984_T1070018_B_R9_1of2_Tdicm_1x1_d_c,1984,Nikon,1x,1,T1070018,B,R9,Mid,1of2,External,Tdicm,d,c
1985_T1070018_B_R9_1of2_Tdicm_1x1_l_c,1985,Nikon,1x,1,T1070018,B,R9,Mid,1of2,External,Tdicm,l,c
1987_T1070018_B_R9_2of2_Tdicm_1x1_d_c,1987,Nikon,1x,1,T1070018,B,R9,Mid,2of2,External,Tdicm,d,c
1988_T1070018_B_R9_2of2_Tdicm_1x1_l_c,1988,Nikon,1x,1,T1070018,B,R9,Mid,2of2,External,Tdicm,l,c
1990_T1070018_B_R10_1of2_Tdicm_1x1_d_c,1990,Nikon,1x,1,T1070018,B,R10,Mid,1of2,External,Tdicm,d,c
1991_T1070018_B_R10_1of2_Tdicm_1x1_l_c,1991,Nikon,1x,1,T1070018,B,R10,Mid,1of2,External,Tdicm,l,c
1993_T1070018_B_R17_1of2_Tdicm_1x1_d_c,1993,Nikon,1x,1,T1070018,B,R17,Top,1of2,External,Tdicm,d,c
1994_T1070018_B_R17_1of2_Tdicm_1x1_l_c,1994,Nikon,1x,1,T1070018,B,R17,Top,1of2,External,Tdicm,l,c
1996_T1070018_B_R17_2of2_Tdicm_1x1_d_c,1996,Nikon,1x,1,T1070018,B,R17,Top,2of2,External,Tdicm,d,c
1997_T1070018_B_R17_2of2_Tdicm_1x1_l_c,1997,Nikon,1x,1,T1070018,B,R17,Top,2of2,External,Tdicm,l,c
1999_T1070018_B_R19_1of1_Tdicm_1x1_d_c,1999,Nikon,1x,1,T1070018,B,R19,Top,1of1,Solo,Tdicm,d,c
2000_T1070018_B_R19_1of1_Tdicm_1x1_l_c,2000,Nikon,1x,1,T1070018,B,R19,Top,1of1,Solo,Tdicm,l,c
2002_T1070018_C_R1_1of2_Tdicm_1x1_d_c,2002,Nikon,1x,1,T1070018,C,R1,Base,1of2,External,Tdicm,d,c
2003_T1070018_C_R1_1of2_Tdicm_1x1_l_c,2003,Nikon,1x,1,T1070018,C,R1,Base,1of2,External,Tdicm,l,c
2005_T1070018_C_R1_2of2_Tdicm_1x1_d_c,2005,Nikon,1x,1,T1070018,C,R1,Base,2of2,External,Tdicm,d,c
2006_T1070018_C_R1_2of2_Tdicm_1x1_l_c,2006,Nikon,1x,1,T1070018,C,R1,Base,2of2,External,Tdicm,l,c
2008_T1070018_C_R2_1of2_Tdicm_1x1_d_c,2008,Nikon,1x,1,T1070018,C,R2,Base,1of2,External,Tdicm,d,c
2009_T1070018_C_R2_1of2_Tdicm_1x1_l_c,2009,Nikon,1x,1,T1070018,C,R2,Base,1of2,External,Tdicm,l,c
2011_T1070018_C_R10_1of2_Tdicm_1x1_d_c,2011,Nikon,1x,1,T1070018,C,R10,Mid,1of2,External,Tdicm,d,c
2012_T1070018_C_R10_1of2_Tdicm_1x1_l_c,2012,Nikon,1x,1,T1070018,C,R10,Mid,1of2,External,Tdicm,l,c
2014_T1070018_C_R10_2of2_Tdicm_1x1_d_c,2014,Nikon,1x,1,T1070018,C,R10,Mid,2of2,External,Tdicm,d,c
2015_T1070018_C_R10_2of2_Tdicm_1x1_l_c,2015,Nikon,1x,1,T1070018,C,R10,Mid,2of2,External,Tdicm,l,c
2017_T1070018_C_R11_2of2_Tdicm_1x1_d_c,2017,Nikon,1x,1,T1070018,C,R11,Mid,2of2,External,Tdicm,d,c
2018_T1070018_C_R11_2of2_Tdicm_1x1_l_c,2018,Nikon,1x,1,T1070018,C,R11,Mid,2of2,External,Tdicm,l,c
2020_T1070018_C_R16_1of2_Tdicm_1x1_d_c,2020,Nikon,1x,1,T1070018,C,R16,Top,1of2,External,Tdicm,d,c
2021_T1070018_C_R16_1of2_Tdicm_1x1_l_c,2021,Nikon,1x,1,T1070018,C,R16,Top,1of2,External,Tdicm,l,c
2023_T1070018_C_R17_1of1_Tdicm_1x1_d_c,2023,Nikon,1x,1,T1070018,C,R17,Top,1of1,Solo,Tdicm,d,c
2024_T1070018_C_R17_1of1_Tdicm_1x1_l_c,2024,Nikon,1x,1,T1070018,C,R17,Top,1of1,Solo,Tdicm,l,c
2026_T1070018_C_R18_1of1_Tdicm_1x1_d_c,2026,Nikon,1x,1,T1070018,C,R18,Top,1of1,Solo,Tdicm,d,c
2027_T1070018_C_R18_1of1_Tdicm_1x1_l_c,2027,Nikon,1x,1,T1070018,C,R18,Top,1of1,Solo,Tdicm,l,c
2758_TRI17251_B_R1_1of2_Tdicm_1x1_d_c,2758,Nikon,1x,1,TRI17251,B,R1,Base,1of2,External,Tdicm,d,c
2759_TRI17251_B_R1_1of2_Tdicm_1x1_l_c,2759,Nikon,1x,1,TRI17251,B,R1,Base,1of2,External,Tdicm,l,c
2761_TRI17251_B_R1_2of2_Tdicm_1x1_d_c,2761,Nikon,1x,1,TRI17251,B,R1,Base,2of2,External,Tdicm,d,c
2762_TRI17251_B_R1_2of2_Tdicm_1x1_l_c,2762,Nikon,1x,1,TRI17251,B,R1,Base,2of2,External,Tdicm,l,c
2764_TRI17251_B_R2_2of2_Tdicm_1x1_d_c,2764,Nikon,1x,1,TRI17251,B,R2,Base,2of2,External,Tdicm,d,c
2765_TRI17251_B_R2_2of2_Tdicm_1x1_l_c,2765,Nikon,1x,1,TRI17251,B,R2,Base,2of2,External,Tdicm,l,c
2767_TRI17251_B_R11_1of2_Tdicm_1x1_d_c,2767,Nikon,1x,1,TRI17251,B,R11,Mid,1of2,External,Tdicm,d,c
2768_TRI17251_B_R11_1of2_Tdicm_1x1_l_c,2768,Nikon,1x,1,TRI17251,B,R11,Mid,1of2,External,Tdicm,l,c
2770_TRI17251_B_R11_2of2_Tdicm_1x1_d_c,2770,Nikon,1x,1,TRI17251,B,R11,Mid,2of2,External,Tdicm,d,c
2771_TRI17251_B_R11_2of2_Tdicm_1x1_l_c,2771,Nikon,1x,1,TRI17251,B,R11,Mid,2of2,External,Tdicm,l,c
2773_TRI17251_B_R12_1of2_Tdicm_1x1_d_c,2773,Nikon,1x,1,TRI17251,B,R12,Mid,1of2,External,Tdicm,d,c
2774_TRI17251_B_R12_1of2_Tdicm_1x1_l_c,2774,Nikon,1x,1,TRI17251,B,R12,Mid,1of2,External,Tdicm,l,c
2776_TRI17251_B_R20_1of2_Tdicm_1x1_d_c,2776,Nikon,1x,1,TRI17251,B,R20,Top,1of2,External,Tdicm,d,c
2777_TRI17251_B_R20_1of2_Tdicm_1x1_l_c,2777,Nikon,1x,1,TRI17251,B,R20,Top,1of2,External,Tdicm,l,c
2779_TRI17251_B_R20_2of2_Tdicm_1x1_d_c,2779,Nikon,1x,1,TRI17251,B,R20,Top,2of2,External,Tdicm,d,c
2780_TRI17251_B_R20_2of2_Tdicm_1x1_l_c,2780,Nikon,1x,1,TRI17251,B,R20,Top,2of2,External,Tdicm,l,c
2782_TRI17251_B_R21_1of1_Tdicm_1x1_d_c,2782,Nikon,1x,1,TRI17251,B,R21,Top,1of1,Solo,Tdicm,d,c
2783_TRI17251_B_R21_1of1_Tdicm_1x1_l_c,2783,Nikon,1x,1,TRI17251,B,R21,Top,1of1,Solo,Tdicm,l,c
2785_TRI17251_C_R1_1of2_Tdicm_1x1_d_c,2785,Nikon,1x,1,TRI17251,C,R1,Base,1of2,External,Tdicm,d,c
2786_TRI17251_C_R1_1of2_Tdicm_1x1_l_c,2786,Nikon,1x,1,TRI17251,C,R1,Base,1of2,External,Tdicm,l,c
2788_TRI17251_C_R1_2of2_Tdicm_1x1_d_c,2788,Nikon,1x,1,TRI17251,C,R1,Base,2of2,External,Tdicm,d,c
2789_TRI17251_C_R1_2of2_Tdicm_1x1_l_c,2789,Nikon,1x,1,TRI17251,C,R1,Base,2of2,External,Tdicm,l,c
2791_TRI17251_C_R2_1of2_Tdicm_1x1_d_c,2791,Nikon,1x,1,TRI17251,C,R2,Base,1of2,External,Tdicm,d,c
2792_TRI17251_C_R2_1of2_Tdicm_1x1_l_c,2792,Nikon,1x,1,TRI17251,C,R2,Base,1of2,External,Tdicm,l,c
2794_TRI17251_C_R7_1of2_Tdicm_1x1_d_c,2794,Nikon,1x,1,TRI17251,C,R7,Mid,1of2,External,Tdicm,d,c
2795_TRI17251_C_R7_1of2_Tdicm_1x1_l_c,2795,Nikon,1x,1,TRI17251,C,R7,Mid,1of2,External,Tdicm,l,c
2797_TRI17251_C_R7_2of2_Tdicm_1x1_d_c,2797,Nikon,1x,1,TRI17251,C,R7,Mid,2of2,External,Tdicm,d,c
2798_TRI17251_C_R7_2of2_Tdicm_1x1_l_c,2798,Nikon,1x,1,TRI17251,C,R7,Mid,2of2,External,Tdicm,l,c
2800_TRI17251_C_R8_2of3_Tdicm_1x1_d_c,2800,Nikon,1x,1,TRI17251,C,R8,Mid,2of3,Internal,Tdicm,d,c
2801_TRI17251_C_R8_2of3_Tdicm_1x1_l_c,2801,Nikon,1x,1,TRI17251,C,R8,Mid,2of3,Internal,Tdicm,l,c
2803_TRI17251_C_R12_1of2_Tdicm_1x1_d_c,2803,Nikon,1x,1,TRI17251,C,R12,Top,1of2,External,Tdicm,d,c
2804_TRI17251_C_R12_1of2_Tdicm_1x1_l_c,2804,Nikon,1x,1,TRI17251,C,R12,Top,1of2,External,Tdicm,l,c
2806_TRI17251_C_R13_1of1_Tdicm_1x1_d_c,2806,Nikon,1x,1,TRI17251,C,R13,Top,1of1,Solo,Tdicm,d,c
2807_TRI17251_C_R13_1of1_Tdicm_1x1_l_c,2807,Nikon,1x,1,TRI17251,C,R13,Top,1of1,Solo,Tdicm,l,c
2809_TRI17251_C_R14_1of1_Tdicm_1x1_d_c,2809,Nikon,1x,1,TRI17251,C,R14,Top,1of1,Solo,Tdicm,d,c
2810_TRI17251_C_R14_1of1_Tdicm_1x1_l_c,2810,Nikon,1x,1,TRI17251,C,R14,Top,1of1,Solo,Tdicm,l,c
2974_CGN10497_VB13__1of2_Timo_1x1_d_c,2974,Nikon,1x,1,CGN10497,VB13,,Base,1of2,External,Timo,d,c
2975_CGN10497_VB13__1of2_Timo_1x1_l_c,2975,Nikon,1x,1,CGN10497,VB13,,Base,1of2,External,Timo,l,c
2977_CGN10497_VB13__2of2_Timo_1x1_d_c,2977,Nikon,1x,1,CGN10497,VB13,,Base,2of2,External,Timo,d,c
2978_CGN10497_VB13__2of2_Timo_1x1_l_c,2978,Nikon,1x,1,CGN10497,VB13,,Base,2of2,External,Timo,l,c
2980_CGN10497_VB12__1of1_Timo_1x1_d_c,2980,Nikon,1x,1,CGN10497,VB12,,Base,1of1,Solo,Timo,d,c
2981_CGN10497_VB12__1of1_Timo_1x1_l_c,2981,Nikon,1x,1,CGN10497,VB12,,Base,1of1,Solo,Timo,l,c
2983_CGN10497_VB11__1of2_Timo_1x1_d_c,2983,Nikon,1x,1,CGN10497,VB11,,Base,1of2,External,Timo,d,c
2984_CGN10497_VB11__1of2_Timo_1x1_l_c,2984,Nikon,1x,1,CGN10497,VB11,,Base,1of2,External,Timo,l,c
2986_CGN10497_VB11__2of2_Timo_1x1_d_c,2986,Nikon,1x,1,CGN10497,VB11,,Base,2of2,External,Timo,d,c
2987_CGN10497_VB11__2of2_Timo_1x1_l_c,2987,Nikon,1x,1,CGN10497,VB11,,Base,2of2,External,Timo,l,c
2989_CGN10497_VB11__1of2_Timo_1x1_d_c,2989,Nikon,1x,1,CGN10497,VB11,,Base,1of2,External,Timo,d,c
2990_CGN10497_VB11__1of2_Timo_1x1_l_c,2990,Nikon,1x,1,CGN10497,VB11,,Base,1of2,External,Timo,l,c
2992_CGN10497_VB11__2of2_Timo_1x1_d_c,2992,Nikon,1x,1,CGN10497,VB11,,Base,2of2,External,Timo,d,c
2993_CGN10497_VB11__2of2_Timo_1x1_l_c,2993,Nikon,1x,1,CGN10497,VB11,,Base,2of2,External,Timo,l,c
2995_CGN10497_VB11__1of2_Timo_1x1_d_c,2995,Nikon,1x,1,CGN10497,VB11,,Base,1of2,External,Timo,d,c
2996_CGN10497_VB11__1of2_Timo_1x1_l_c,2996,Nikon,1x,1,CGN10497,VB11,,Base,1of2,External,Timo,l,c
2998_CGN10497_VB11__2of2_Timo_1x1_d_c,2998,Nikon,1x,1,CGN10497,VB11,,Base,2of2,External,Timo,d,c
2999_CGN10497_VB11__2of2_Timo_1x1_l_c,2999,Nikon,1x,1,CGN10497,VB11,,Base,2of2,External,Timo,l,c
3001_CGN10497_VB7__1of2_Timo_1x1_d_c,3001,Nikon,1x,1,CGN10497,VB7,,Mid,1of2,External,Timo,d,c
3002_CGN10497_VB7__1of2_Timo_1x1_l_c,3002,Nikon,1x,1,CGN10497,VB7,,Mid,1of2,External,Timo,l,c
3004_CGN10497_VB7__2of2_Timo_1x1_d_c,3004,Nikon,1x,1,CGN10497,VB7,,Mid,2of2,External,Timo,d,c
3005_CGN10497_VB7__2of2_Timo_1x1_l_c,3005,Nikon,1x,1,CGN10497,VB7,,Mid,2of2,External,Timo,l,c
3007_CGN10497_VB7__1of2_Timo_1x1_d_c,3007,Nikon,1x,1,CGN10497,VB7,,Mid,1of2,External,Timo,d,c
3008_CGN10497_VB7__1of2_Timo_1x1_l_c,3008,Nikon,1x,1,CGN10497,VB7,,Mid,1of2,External,Timo,l,c
3010_CGN10497_VB7__2of2_Timo_1x1_d_c,3010,Nikon,1x,1,CGN10497,VB7,,Mid,2of2,External,Timo,d,c
3011_CGN10497_VB7__2of2_Timo_1x1_l_c,3011,Nikon,1x,1,CGN10497,VB7,,Mid,2of2,External,Timo,l,c
3013_CGN10497_VB7__1of2_Timo_1x1_d_c,3013,Nikon,1x,1,CGN10497,VB7,,Mid,1of2,External,Timo,d,c
3014_CGN10497_VB7__1of2_Timo_1x1_l_c,3014,Nikon,1x,1,CGN10497,VB7,,Mid,1of2,External,Timo,l,c
3016_CGN10497_VB7__2of2_Timo_1x1_d_c,3016,Nikon,1x,1,CGN10497,VB7,,Mid,2of2,External,Timo,d,c
3017_CGN10497_VB7__2of2_Timo_1x1_l_c,3017,Nikon,1x,1,CGN10497,VB7,,Mid,2of2,External,Timo,l,c
3019_CGN10497_VB7__1of2_Timo_1x1_d_c,3019,Nikon,1x,1,CGN10497,VB7,,Mid,1of2,External,Timo,d,c
3020_CGN10497_VB7__1of2_Timo_1x1_l_c,3020,Nikon,1x,1,CGN10497,VB7,,Mid,1of2,External,Timo,l,c
3022_CGN10497_VB7__2of2_Timo_1x1_d_c,3022,Nikon,1x,1,CGN10497,VB7,,Mid,2of2,External,Timo,d,c
3023_CGN10497_VB7__2of2_Timo_1x1_l_c,3023,Nikon,1x,1,CGN10497,VB7,,Mid,2of2,External,Timo,l,c
3025_CGN10497_VB8__2of2_Timo_1x1_d_c,3025,Nikon,1x,1,CGN10497,VB8,,Mid,2of2,External,Timo,d,c
3026_CGN10497_VB8__2of2_Timo_1x1_l_c,3026,Nikon,1x,1,CGN10497,VB8,,Mid,2of2,External,Timo,l,c
3028_CGN10497_-__1of2_Timo_1x1_d_c,3028,Nikon,1x,1,CGN10497,-,,Top,1of2,External,Timo,d,c
3029_CGN10497_-__1of2_Timo_1x1_l_c,3029,Nikon,1x,1,CGN10497,-,,Top,1of2,External,Timo,l,c
3031_CGN10497_-__2of2_Timo_1x1_d_c,3031,Nikon,1x,1,CGN10497,-,,Top,2of2,External,Timo,d,c
3032_CGN10497_-__2of2_Timo_1x1_l_c,3032,Nikon,1x,1,CGN10497,-,,Top,2of2,External,Timo,l,c
3034_CGN10497_-__1of1_Timo_1x1_d_c,3034,Nikon,1x,1,CGN10497,-,,Top,1of1,Solo,Timo,d,c
3035_CGN10497_-__1of1_Timo_1x1_l_c,3035,Nikon,1x,1,CGN10497,-,,Top,1of1,Solo,Timo,l,c
3037_CGN10497_-__1of1_Timo_1x1_d_c,3037,Nikon,1x,1,CGN10497,-,,Top,1of1,Solo,Timo,d,c
3038_CGN10497_-__1of1_Timo_1x1_l_c,3038,Nikon,1x,1,CGN10497,-,,Top,1of1,Solo,Timo,l,c
3040_CGN10497_VB2__1of1_Timo_1x1_d_c,3040,Nikon,1x,1,CGN10497,VB2,,Top,1of1,Solo,Timo,d,c
3041_CGN10497_VB2__1of1_Timo_1x1_l_c,3041,Nikon,1x,1,CGN10497,VB2,,Top,1of1,Solo,Timo,l,c
3043_CGN10497_VB2__1of1_Timo_1x1_d_c,3043,Nikon,1x,1,CGN10497,VB2,,Top,1of1,Solo,Timo,d,c
3044_CGN10497_VB2__1of1_Timo_1x1_l_c,3044,Nikon,1x,1,CGN10497,VB2,,Top,1of1,Solo,Timo,l,c
3046_CGN10497_VB3__1of1_Timo_1x1_d_c,3046,Nikon,1x,1,CGN10497,VB3,,Top,1of1,Solo,Timo,d,c
3047_CGN10497_VB3__1of1_Timo_1x1_l_c,3047,Nikon,1x,1,CGN10497,VB3,,Top,1of1,Solo,Timo,l,c
3049_CGN10497_VB4__1of2_Timo_1x1_d_c,3049,Nikon,1x,1,CGN10497,VB4,,Top,1of2,External,Timo,d,c
3050_CGN10497_VB4__1of2_Timo_1x1_l_c,3050,Nikon,1x,1,CGN10497,VB4,,Top,1of2,External,Timo,l,c
3052_CGN10497_VB4__2of2_Timo_1x1_d_c,3052,Nikon,1x,1,CGN10497,VB4,,Top,2of2,External,Timo,d,c
3053_CGN10497_VB4__2of2_Timo_1x1_l_c,3053,Nikon,1x,1,CGN10497,VB4,,Top,2of2,External,Timo,l,c
3055_PI434999_A_R1_1of1_Tdicm_1x1_d_c,3055,Nikon,1x,1,PI434999,A,R1,Base,1of1,Solo,Tdicm,d,c
3056_PI434999_A_R1_1of1_Tdicm_1x1_l_c,3056,Nikon,1x,1,PI434999,A,R1,Base,1of1,Solo,Tdicm,l,c
3058_PI434999_A_R2_1of1_Tdicm_1x1_d_c,3058,Nikon,1x,1,PI434999,A,R2,Base,1of1,Solo,Tdicm,d,c
3059_PI434999_A_R2_1of1_Tdicm_1x1_l_c,3059,Nikon,1x,1,PI434999,A,R2,Base,1of1,Solo,Tdicm,l,c
3061_PI434999_A_R3_1of2_Tdicm_1x1_d_c,3061,Nikon,1x,1,PI434999,A,R3,Base,1of2,External,Tdicm,d,c
3062_PI434999_A_R3_1of2_Tdicm_1x1_l_c,3062,Nikon,1x,1,PI434999,A,R3,Base,1of2,External,Tdicm,l,c
3064_PI434999_A_R7_1of2_Tdicm_1x1_d_c,3064,Nikon,1x,1,PI434999,A,R7,Mid,1of2,External,Tdicm,d,c
3065_PI434999_A_R7_1of2_Tdicm_1x1_l_c,3065,Nikon,1x,1,PI434999,A,R7,Mid,1of2,External,Tdicm,l,c
3067_PI434999_A_R7_2of2_Tdicm_1x1_d_c,3067,Nikon,1x,1,PI434999,A,R7,Mid,2of2,External,Tdicm,d,c
3068_PI434999_A_R7_2of2_Tdicm_1x1_l_c,3068,Nikon,1x,1,PI434999,A,R7,Mid,2of2,External,Tdicm,l,c
3070_PI434999_A_R8_2of2_Tdicm_1x1_d_c,3070,Nikon,1x,1,PI434999,A,R8,Mid,2of2,External,Tdicm,d,c
3071_PI434999_A_R8_2of2_Tdicm_1x1_l_c,3071,Nikon,1x,1,PI434999,A,R8,Mid,2of2,External,Tdicm,l,c
3073_PI434999_A_R13_1of2_Tdicm_1x1_d_c,3073,Nikon,1x,1,PI434999,A,R13,Top,1of2,External,Tdicm,d,c
3074_PI434999_A_R13_1of2_Tdicm_1x1_l_c,3074,Nikon,1x,1,PI434999,A,R13,Top,1of2,External,Tdicm,l,c
3076_PI434999_A_R13_2of2_Tdicm_1x1_d_c,3076,Nikon,1x,1,PI434999,A,R13,Top,2of2,External,Tdicm,d,c
3077_PI434999_A_R13_2of2_Tdicm_1x1_l_c,3077,Nikon,1x,1,PI434999,A,R13,Top,2of2,External,Tdicm,l,c
3079_PI434999_A_R14_1of1_Tdicm_1x1_d_c,3079,Nikon,1x,1,PI434999,A,R14,Top,1of1,Solo,Tdicm,d,c
3080_PI434999_A_R14_1of1_Tdicm_1x1_l_c,3080,Nikon,1x,1,PI434999,A,R14,Top,1of1,Solo,Tdicm,l,c
3082_PI434999_B_R1_1of1_Tdicm_1x1_d_c,3082,Nikon,1x,1,PI434999,B,R1,Base,1of1,Solo,Tdicm,d,c
3083_PI434999_B_R1_1of1_Tdicm_1x1_l_c,3083,Nikon,1x,1,PI434999,B,R1,Base,1of1,Solo,Tdicm,l,c
3085_PI434999_B_R2_1of2_Tdicm_1x1_d_c,3085,Nikon,1x,1,PI434999,B,R2,Base,1of2,External,Tdicm,d,c
3086_PI434999_B_R2_1of2_Tdicm_1x1_l_c,3086,Nikon,1x,1,PI434999,B,R2,Base,1of2,External,Tdicm,l,c
3088_PI434999_B_R2_2of2_Tdicm_1x1_d_c,3088,Nikon,1x,1,PI434999,B,R2,Base,2of2,External,Tdicm,d,c
3089_PI434999_B_R2_2of2_Tdicm_1x1_l_c,3089,Nikon,1x,1,PI434999,B,R2,Base,2of2,External,Tdicm,l,c
3091_PI434999_B_R8_1of1_Tdicm_1x1_d_c,3091,Nikon,1x,1,PI434999,B,R8,Mid,1of1,Solo,Tdicm,d,c
3092_PI434999_B_R8_1of1_Tdicm_1x1_l_c,3092,Nikon,1x,1,PI434999,B,R8,Mid,1of1,Solo,Tdicm,l,c
3094_PI434999_B_R9_1of2_Tdicm_1x1_d_c,3094,Nikon,1x,1,PI434999,B,R9,Mid,1of2,External,Tdicm,d,c
3095_PI434999_B_R9_1of2_Tdicm_1x1_l_c,3095,Nikon,1x,1,PI434999,B,R9,Mid,1of2,External,Tdicm,l,c
3097_PI434999_B_R9_2of2_Tdicm_1x1_d_c,3097,Nikon,1x,1,PI434999,B,R9,Mid,2of2,External,Tdicm,d,c
3098_PI434999_B_R9_2of2_Tdicm_1x1_l_c,3098,Nikon,1x,1,PI434999,B,R9,Mid,2of2,External,Tdicm,l,c
3100_PI434999_B_R14_1of2_Tdicm_1x1_d_c,3100,Nikon,1x,1,PI434999,B,R14,Top,1of2,External,Tdicm,d,c
3101_PI434999_B_R14_1of2_Tdicm_1x1_l_c,3101,Nikon,1x,1,PI434999,B,R14,Top,1of2,External,Tdicm,l,c
3103_PI434999_B_R14_2of2_Tdicm_1x1_d_c,3103,Nikon,1x,1,PI434999,B,R14,Top,2of2,External,Tdicm,d,c
3104_PI434999_B_R14_2of2_Tdicm_1x1_l_c,3104,Nikon,1x,1,PI434999,B,R14,Top,2of2,External,Tdicm,l,c
3106_PI434999_B_R15_1of1_Tdicm_1x1_d_c,3106,Nikon,1x,1,PI434999,B,R15,Top,1of1,Solo,Tdicm,d,c
3107_PI434999_B_R15_1of1_Tdicm_1x1_l_c,3107,Nikon,1x,1,PI434999,B,R15,Top,1of1,Solo,Tdicm,l,c
3109_PI434999_C_R1_1of2_Tdicm_1x1_d_c,3109,Nikon,1x,1,PI434999,C,R1,Base,1of2,External,Tdicm,d,c
3110_PI434999_C_R1_1of2_Tdicm_1x1_l_c,3110,Nikon,1x,1,PI434999,C,R1,Base,1of2,External,Tdicm,l,c
3112_PI434999_C_R1_2of2_Tdicm_1x1_d_c,3112,Nikon,1x,1,PI434999,C,R1,Base,2of2,External,Tdicm,d,c
3113_PI434999_C_R1_2of2_Tdicm_1x1_l_c,3113,Nikon,1x,1,PI434999,C,R1,Base,2of2,External,Tdicm,l,c
3115_PI434999_C_R2_1of2_Tdicm_1x1_d_c,3115,Nikon,1x,1,PI434999,C,R2,Base,1of2,External,Tdicm,d,c
3116_PI434999_C_R2_1of2_Tdicm_1x1_l_c,3116,Nikon,1x,1,PI434999,C,R2,Base,1of2,External,Tdicm,l,c
3118_PI434999_C_R6_1of2_Tdicm_1x1_d_c,3118,Nikon,1x,1,PI434999,C,R6,Mid,1of2,External,Tdicm,d,c
3119_PI434999_C_R6_1of2_Tdicm_1x1_l_c,3119,Nikon,1x,1,PI434999,C,R6,Mid,1of2,External,Tdicm,l,c
3121_PI434999_C_R6_2of2_Tdicm_1x1_d_c,3121,Nikon,1x,1,PI434999,C,R6,Mid,2of2,External,Tdicm,d,c
3122_PI434999_C_R6_2of2_Tdicm_1x1_l_c,3122,Nikon,1x,1,PI434999,C,R6,Mid,2of2,External,Tdicm,l,c
3124_PI434999_C_R7_2of2_Tdicm_1x1_d_c,3124,Nikon,1x,1,PI434999,C,R7,Mid,2of2,External,Tdicm,d,c
3125_PI434999_C_R7_2of2_Tdicm_1x1_l_c,3125,Nikon,1x,1,PI434999,C,R7,Mid,2of2,External,Tdicm,l,c
3127_PI434999_C_R11_1of2_Tdicm_1x1_d_c,3127,Nikon,1x,1,PI434999,C,R11,Top,1of2,External,Tdicm,d,c
3128_PI434999_C_R11_1of2_Tdicm_1x1_l_c,3128,Nikon,1x,1,PI434999,C,R11,Top,1of2,External,Tdicm,l,c
3130_PI434999_C_R11_2of2_Tdicm_1x1_d_c,3130,Nikon,1x,1,PI434999,C,R11,Top,2of2,External,Tdicm,d,c
3131_PI434999_C_R11_2of2_Tdicm_1x1_l_c,3131,Nikon,1x,1,PI434999,C,R11,Top,2of2,External,Tdicm,l,c
3133_PI434999_C_R12_1of1_Tdicm_1x1_d_c,3133,Nikon,1x,1,PI434999,C,R12,Top,1of1,Solo,Tdicm,d,c
3134_PI434999_C_R12_1of1_Tdicm_1x1_l_c,3134,Nikon,1x,1,PI434999,C,R12,Top,1of1,Solo,Tdicm,l,c
7081_TRI11509_VB8_Mid_1of2_Tara_1x1_d_c,7081,Nikon,1x,1,TRI11509,VB8,,Mid,1of2,External,Tara,d,c
7082_TRI11509_VB8_Mid_1of2_Tara_1x1_l_c,7082,Nikon,1x,1,TRI11509,VB8,,Mid,1of2,External,Tara,l,c
7084_TRI11509_VB8_Mid_2of2_Tara_1x1_d_c,7084,Nikon,1x,1,TRI11509,VB8,,Mid,2of2,External,Tara,d,c
7085_TRI11509_VB8_Mid_2of2_Tara_1x1_l_c,7085,Nikon,1x,1,TRI11509,VB8,,Mid,2of2,External,Tara,l,c
7087_TRI11509_VB8_Mid_1of2_Tara_1x1_d_c,7087,Nikon,1x,1,TRI11509,VB8,,Mid,1of2,External,Tara,d,c
7088_TRI11509_VB8_Mid_1of2_Tara_1x1_l_c,7088,Nikon,1x,1,TRI11509,VB8,,Mid,1of2,External,Tara,l,c
7090_TRI11509_VB8_Mid_2of2_Tara_1x1_d_c,7090,Nikon,1x,1,TRI11509,VB8,,Mid,2of2,External,Tara,d,c
7091_TRI11509_VB8_Mid_2of2_Tara_1x1_l_c,7091,Nikon,1x,1,TRI11509,VB8,,Mid,2of2,External,Tara,l,c
7093_TRI11509_VB8_Mid_1of2_Tara_1x1_d_c,7093,Nikon,1x,1,TRI11509,VB8,,Mid,1of2,External,Tara,d,c
7094_TRI11509_VB8_Mid_1of2_Tara_1x1_l_c,7094,Nikon,1x,1,TRI11509,VB8,,Mid,1of2,External,Tara,l,c
7096_TRI11509_VB8_Mid_2of2_Tara_1x1_d_c,7096,Nikon,1x,1,TRI11509,VB8,,Mid,2of2,External,Tara,d,c
7097_TRI11509_VB8_Mid_2of2_Tara_1x1_l_c,7097,Nikon,1x,1,TRI11509,VB8,,Mid,2of2,External,Tara,l,c
7099_TRI11509_VB7_Mid_1of2_Tara_1x1_d_c,7099,Nikon,1x,1,TRI11509,VB7,,Mid,1of2,External,Tara,d,c
7100_TRI11509_VB7_Mid_1of2_Tara_1x1_l_c,7100,Nikon,1x,1,TRI11509,VB7,,Mid,1of2,External,Tara,l,c
7102_TRI11509_VB7_Mid_2of2_Tara_1x1_d_c,7102,Nikon,1x,1,TRI11509,VB7,,Mid,2of2,External,Tara,d,c
7103_TRI11509_VB7_Mid_2of2_Tara_1x1_l_c,7103,Nikon,1x,1,TRI11509,VB7,,Mid,2of2,External,Tara,l,c
7105_TRI11509_VB7_Mid_1of2_Tara_1x1_d_c,7105,Nikon,1x,1,TRI11509,VB7,,Mid,1of2,External,Tara,d,c
7106_TRI11509_VB7_Mid_1of2_Tara_1x1_l_c,7106,Nikon,1x,1,TRI11509,VB7,,Mid,1of2,External,Tara,l,c
7117_TRI11509_-_Base_1of2_Tara_1x1_d_c,7117,Nikon,1x,1,TRI11509,,,Base,1of2,External,Tara,d,c
7118_TRI11509_-_Base_1of2_Tara_1x1_l_c,7118,Nikon,1x,1,TRI11509,,,Base,1of2,External,Tara,l,c
7120_TRI11509_-_Base_2of2_Tara_1x1_d_c,7120,Nikon,1x,1,TRI11509,,,Base,2of2,External,Tara,d,c
7121_TRI11509_-_Base_2of2_Tara_1x1_l_c,7121,Nikon,1x,1,TRI11509,,,Base,2of2,External,Tara,l,c
7123_TRI11509_-_Base_1of2_Tara_1x1_d_c,7123,Nikon,1x,1,TRI11509,,,Base,1of2,External,Tara,d,c
7124_TRI11509_-_Base_1of2_Tara_1x1_l_c,7124,Nikon,1x,1,TRI11509,,,Base,1of2,External,Tara,l,c
7126_TRI11509_-_Base_2of2_Tara_1x1_d_c,7126,Nikon,1x,1,TRI11509,,,Base,2of2,External,Tara,d,c
7127_TRI11509_-_Base_2of2_Tara_1x1_l_c,7127,Nikon,1x,1,TRI11509,,,Base,2of2,External,Tara,l,c
7129_TRI11509_-_Base_1of2_Tara_1x1_d_c,7129,Nikon,1x,1,TRI11509,,,Base,1of2,External,Tara,d,c
7130_TRI11509_-_Base_1of2_Tara_1x1_l_c,7130,Nikon,1x,1,TRI11509,,,Base,1of2,External,Tara,l,c
7132_TRI11509_-_Base_2of2_Tara_1x1_d_c,7132,Nikon,1x,1,TRI11509,,,Base,2of2,External,Tara,d,c
7133_TRI11509_-_Base_2of2_Tara_1x1_l_c,7133,Nikon,1x,1,TRI11509,,,Base,2of2,External,Tara,l,c
7135_TRI11509_VB13_Base_1of2_Tara_1x1_d_c,7135,Nikon,1x,1,TRI11509,VB13,,Base,1of2,External,Tara,d,c
7136_TRI11509_VB13_Base_1of2_Tara_1x1_l_c,7136,Nikon,1x,1,TRI11509,VB13,,Base,1of2,External,Tara,l,c
7138_TRI11509_VB13_Base_2of2_Tara_1x1_d_c,7138,Nikon,1x,1,TRI11509,VB13,,Base,2of2,External,Tara,d,c
7139_TRI11509_VB13_Base_2of2_Tara_1x1_l_c,7139,Nikon,1x,1,TRI11509,VB13,,Base,2of2,External,Tara,l,c
7141_TRI11509_VB12_Base_1of2_Tara_1x1_d_c,7141,Nikon,1x,1,TRI11509,VB12,,Base,1of2,External,Tara,d,c
7142_TRI11509_VB12_Base_1of2_Tara_1x1_l_c,7142,Nikon,1x,1,TRI11509,VB12,,Base,1of2,External,Tara,l,c
7144_TRI11509_VB3_Top_1of2_Tara_1x1_d_c,7144,Nikon,1x,1,TRI11509,VB3,,Top,1of2,External,Tara,d,c
7145_TRI11509_VB3_Top_1of2_Tara_1x1_l_c,7145,Nikon,1x,1,TRI11509,VB3,,Top,1of2,External,Tara,l,c
7147_TRI11509_VB3_Top_2of2_Tara_1x1_d_c,7147,Nikon,1x,1,TRI11509,VB3,,Top,2of2,External,Tara,d,c
7148_TRI11509_VB3_Top_2of2_Tara_1x1_l_c,7148,Nikon,1x,1,TRI11509,VB3,,Top,2of2,External,Tara,l,c
7150_TRI11509_VB4_Top_1of1_Tara_1x1_d_c,7150,Nikon,1x,1,TRI11509,VB4,,Top,1of1,Solo,Tara,d,c
7151_TRI11509_VB4_Top_1of1_Tara_1x1_l_c,7151,Nikon,1x,1,TRI11509,VB4,,Top,1of1,Solo,Tara,l,c
7153_TRI11509_VB4_Top_1of2_Tara_1x1_d_c,7153,Nikon,1x,1,TRI11509,VB4,,Top,1of2,External,Tara,d,c
7154_TRI11509_VB4_Top_1of2_Tara_1x1_l_c,7154,Nikon,1x,1,TRI11509,VB4,,Top,1of2,External,Tara,l,c
7156_TRI11509_VB4_Top_2of2_Tara_1x1_d_c,7156,Nikon,1x,1,TRI11509,VB4,,Top,2of2,External,Tara,d,c
7157_TRI11509_VB4_Top_2of2_Tara_1x1_l_c,7157,Nikon,1x,1,TRI11509,VB4,,Top,2of2,External,Tara,l,c
7159_TRI11509_VB4_Top_1of2_Tara_1x1_d_c,7159,Nikon,1x,1,TRI11509,VB4,,Top,1of2,External,Tara,d,c
7160_TRI11509_VB4_Top_1of2_Tara_1x1_l_c,7160,Nikon,1x,1,TRI11509,VB4,,Top,1of2,External,Tara,l,c
7243_TRI11509_-_Top_1of1_Tara_1x1_d_c,7243,Nikon,1x,1,TRI11509,,,Top,1of1,Solo,Tara,d,c
7244_TRI11509_-_Top_1of1_Tara_1x1_l_c,7244,Nikon,1x,1,TRI11509,,,Top,1of1,Solo,Tara,l,c
7246_TRI11509_-_Top_1of1_Tara_1x1_d_c,7246,Nikon,1x,1,TRI11509,,,Top,1of1,Solo,Tara,d,c
7247_TRI11509_-_Top_1of1_Tara_1x1_l_c,7247,Nikon,1x,1,TRI11509,,,Top,1of1,Solo,Tara,l,c
7249_TRI11509_-_Top_1of2_Tara_1x1_d_c,7249,Nikon,1x,1,TRI11509,,,Top,1of2,External,Tara,d,c
7250_TRI11509_-_Top_1of2_Tara_1x1_l_c,7250,Nikon,1x,1,TRI11509,,,Top,1of2,External,Tara,l,c
7252_T1150001_-_Base_1of1_Tara_1x1_d_c,7252,Nikon,1x,1,T1150001,,,Base,1of1,Solo,Tara,d,c
7253_T1150001_-_Base_1of1_Tara_1x1_l_c,7253,Nikon,1x,1,T1150001,,,Base,1of1,Solo,Tara,l,c
7255_T1150001_-_Base_1of1_Tara_1x1_d_c,7255,Nikon,1x,1,T1150001,,,Base,1of1,Solo,Tara,d,c
7256_T1150001_-_Base_1of1_Tara_1x1_l_c,7256,Nikon,1x,1,T1150001,,,Base,1of1,Solo,Tara,l,c
7258_T1150001_VB13_Base_1of1_Tara_1x1_d_c,7258,Nikon,1x,1,T1150001,VB13,,Base,1of1,Solo,Tara,d,c
7259_T1150001_VB13_Base_1of1_Tara_1x1_l_c,7259,Nikon,1x,1,T1150001,VB13,,Base,1of1,Solo,Tara,l,c
7261_T1150001_VB13_Base_2of2_Tara_1x1_d_c,7261,Nikon,1x,1,T1150001,VB13,,Base,2of2,External,Tara,d,c
7262_T1150001_VB13_Base_2of2_Tara_1x1_l_c,7262,Nikon,1x,1,T1150001,VB13,,Base,2of2,External,Tara,l,c
7264_T1150001_VB12_Base_1of2_Tara_1x1_d_c,7264,Nikon,1x,1,T1150001,VB12,,Base,1of2,External,Tara,d,c
7265_T1150001_VB12_Base_1of2_Tara_1x1_l_c,7265,Nikon,1x,1,T1150001,VB12,,Base,1of2,External,Tara,l,c
7267_T1150001_VB12_Base_2of2_Tara_1x1_d_c,7267,Nikon,1x,1,T1150001,VB12,,Base,2of2,External,Tara,d,c
7268_T1150001_VB12_Base_2of2_Tara_1x1_l_c,7268,Nikon,1x,1,T1150001,VB12,,Base,2of2,External,Tara,l,c
7270_T1150001_VB12_Base_1of2_Tara_1x1_d_c,7270,Nikon,1x,1,T1150001,VB12,,Base,1of2,External,Tara,d,c
7271_T1150001_VB12_Base_1of2_Tara_1x1_l_c,7271,Nikon,1x,1,T1150001,VB12,,Base,1of2,External,Tara,l,c
7273_T1150001_VB12_Base_2of2_Tara_1x1_d_c,7273,Nikon,1x,1,T1150001,VB12,,Base,2of2,External,Tara,d,c
7274_T1150001_VB12_Base_2of2_Tara_1x1_l_c,7274,Nikon,1x,1,T1150001,VB12,,Base,2of2,External,Tara,l,c
7276_T1150001_VB12_Base_2of2_Tara_1x1_d_c,7276,Nikon,1x,1,T1150001,VB12,,Base,2of2,External,Tara,d,c
7277_T1150001_VB12_Base_2of2_Tara_1x1_l_c,7277,Nikon,1x,1,T1150001,VB12,,Base,2of2,External,Tara,l,c
7279_T1150001_VB8_Mid_1of2_Tara_1x1_d_c,7279,Nikon,1x,1,T1150001,VB8,,Mid,1of2,External,Tara,d,c
7280_T1150001_VB8_Mid_1of2_Tara_1x1_l_c,7280,Nikon,1x,1,T1150001,VB8,,Mid,1of2,External,Tara,l,c
7282_T1150001_VB8_Mid_2of2_Tara_1x1_d_c,7282,Nikon,1x,1,T1150001,VB8,,Mid,2of2,External,Tara,d,c
7283_T1150001_VB8_Mid_2of2_Tara_1x1_l_c,7283,Nikon,1x,1,T1150001,VB8,,Mid,2of2,External,Tara,l,c
7285_T1150001_VB7_Mid_1of2_Tara_1x1_d_c,7285,Nikon,1x,1,T1150001,VB7,,Mid,1of2,External,Tara,d,c
7286_T1150001_VB7_Mid_1of2_Tara_1x1_l_c,7286,Nikon,1x,1,T1150001,VB7,,Mid,1of2,External,Tara,l,c
7288_T1150001_VB7_Mid_2of2_Tara_1x1_d_c,7288,Nikon,1x,1,T1150001,VB7,,Mid,2of2,External,Tara,d,c
7289_T1150001_VB7_Mid_2of2_Tara_1x1_l_c,7289,Nikon,1x,1,T1150001,VB7,,Mid,2of2,External,Tara,l,c
7291_T1150001_VB7_Mid_1of2_Tara_1x1_d_c,7291,Nikon,1x,1,T1150001,VB7,,Mid,1of2,External,Tara,d,c
7292_T1150001_VB7_Mid_1of2_Tara_1x1_l_c,7292,Nikon,1x,1,T1150001,VB7,,Mid,1of2,External,Tara,l,c
7294_T1150001_VB7_Mid_2of2_Tara_1x1_d_c,7294,Nikon,1x,1,T1150001,VB7,,Mid,2of2,External,Tara,d,c
7295_T1150001_VB7_Mid_2of2_Tara_1x1_l_c,7295,Nikon,1x,1,T1150001,VB7,,Mid,2of2,External,Tara,l,c
7297_T1150001_VB9_Mid_1of2_Tara_1x1_d_c,7297,Nikon,1x,1,T1150001,VB9,,Mid,1of2,External,Tara,d,c
7298_T1150001_VB9_Mid_1of2_Tara_1x1_l_c,7298,Nikon,1x,1,T1150001,VB9,,Mid,1of2,External,Tara,l,c
7300_T1150001_VB9_Mid_2of2_Tara_1x1_d_c,7300,Nikon,1x,1,T1150001,VB9,,Mid,2of2,External,Tara,d,c
7301_T1150001_VB9_Mid_2of2_Tara_1x1_l_c,7301,Nikon,1x,1,T1150001,VB9,,Mid,2of2,External,Tara,l,c
7303_T1150001_VB9_Mid_2of2_Tara_1x1_d_c,7303,Nikon,1x,1,T1150001,VB9,,Mid,2of2,External,Tara,d,c
7304_T1150001_VB9_Mid_2of2_Tara_1x1_l_c,7304,Nikon,1x,1,T1150001,VB9,,Mid,2of2,External,Tara,l,c
7306_T1150001_-_Top_1of1_Tara_1x1_d_c,7306,Nikon,1x,1,T1150001,,,Top,1of1,Solo,Tara,d,c
7307_T1150001_-_Top_1of1_Tara_1x1_l_c,7307,Nikon,1x,1,T1150001,,,Top,1of1,Solo,Tara,l,c
7309_T1150001_VB3_Top_1of1_Tara_1x1_d_c,7309,Nikon,1x,1,T1150001,VB3,,Top,1of1,Solo,Tara,d,c
7310_T1150001_VB3_Top_1of1_Tara_1x1_l_c,7310,Nikon,1x,1,T1150001,VB3,,Top,1of1,Solo,Tara,l,c
7312_T1150001_VB3_Top_1of2_Tara_1x1_d_c,7312,Nikon,1x,1,T1150001,VB3,,Top,1of2,External,Tara,d,c
7313_T1150001_VB3_Top_1of2_Tara_1x1_l_c,7313,Nikon,1x,1,T1150001,VB3,,Top,1of2,External,Tara,l,c
7315_T1150001_VB3_Top_2of2_Tara_1x1_d_c,7315,Nikon,1x,1,T1150001,VB3,,Top,2of2,External,Tara,d,c
7316_T1150001_VB3_Top_2of2_Tara_1x1_l_c,7316,Nikon,1x,1,T1150001,VB3,,Top,2of2,External,Tara,l,c
7318_T1150001_VB5_Top_1of2_Tara_1x1_d_c,7318,Nikon,1x,1,T1150001,VB5,,Top,1of2,External,Tara,d,c
7319_T1150001_VB5_Top_1of2_Tara_1x1_l_c,7319,Nikon,1x,1,T1150001,VB5,,Top,1of2,External,Tara,l,c
7321_T1150001_VB5_Top_2of2_Tara_1x1_d_c,7321,Nikon,1x,1,T1150001,VB5,,Top,2of2,External,Tara,d,c
7322_T1150001_VB5_Top_2of2_Tara_1x1_l_c,7322,Nikon,1x,1,T1150001,VB5,,Top,2of2,External,Tara,l,c
7324_T1150001_VB5_Top_1of2_Tara_1x1_d_c,7324,Nikon,1x,1,T1150001,VB5,,Top,1of2,External,Tara,d,c
7325_T1150001_VB5_Top_1of2_Tara_1x1_l_c,7325,Nikon,1x,1,T1150001,VB5,,Top,1of2,External,Tara,l,c
7327_T1150001_VB5_Top_2of2_Tara_1x1_d_c,7327,Nikon,1x,1,T1150001,VB5,,Top,2of2,External,Tara,d,c
7328_T1150001_VB5_Top_2of2_Tara_1x1_l_c,7328,Nikon,1x,1,T1150001,VB5,,Top,2of2,External,Tara,l,c
7330_T1150001_VB5_Top_1of1_Tara_1x1_d_c,7330,Nikon,1x,1,T1150001,VB5,,Top,1of1,Solo,Tara,d,c
7331_T1150001_VB5_Top_1of1_Tara_1x1_l_c,7331,Nikon,1x,1,T1150001,VB5,,Top,1of1,Solo,Tara,l,c
7414_T1150003_VB12_Base_1of2_Tara_1x1_d_c,7414,Nikon,1x,1,T1150003,VB12,,Base,1of2,External,Tara,d,c
7415_T1150003_VB12_Base_1of2_Tara_1x1_l_c,7415,Nikon,1x,1,T1150003,VB12,,Base,1of2,External,Tara,l,c
7417_T1150003_VB12_Base_2of2_Tara_1x1_d_c,7417,Nikon,1x,1,T1150003,VB12,,Base,2of2,External,Tara,d,c
7418_T1150003_VB12_Base_2of2_Tara_1x1_l_c,7418,Nikon,1x,1,T1150003,VB12,,Base,2of2,External,Tara,l,c
7420_T1150003_VB12_Base_1of2_Tara_1x1_d_c,7420,Nikon,1x,1,T1150003,VB12,,Base,1of2,External,Tara,d,c
7421_T1150003_VB12_Base_1of2_Tara_1x1_l_c,7421,Nikon,1x,1,T1150003,VB12,,Base,1of2,External,Tara,l,c
7423_T1150003_VB12_Base_2of2_Tara_1x1_d_c,7423,Nikon,1x,1,T1150003,VB12,,Base,2of2,External,Tara,d,c
7424_T1150003_VB12_Base_2of2_Tara_1x1_l_c,7424,Nikon,1x,1,T1150003,VB12,,Base,2of2,External,Tara,l,c
7426_T1150003_VB11_Base_1of2_Tara_1x1_d_c,7426,Nikon,1x,1,T1150003,VB11,,Base,1of2,External,Tara,d,c
7427_T1150003_VB11_Base_1of2_Tara_1x1_l_c,7427,Nikon,1x,1,T1150003,VB11,,Base,1of2,External,Tara,l,c
7429_T1150003_VB11_Base_2of2_Tara_1x1_d_c,7429,Nikon,1x,1,T1150003,VB11,,Base,2of2,External,Tara,d,c
7430_T1150003_VB11_Base_2of2_Tara_1x1_l_c,7430,Nikon,1x,1,T1150003,VB11,,Base,2of2,External,Tara,l,c
7432_T1150003_VB10_Base_1of2_Tara_1x1_d_c,7432,Nikon,1x,1,T1150003,VB10,,Base,1of2,External,Tara,d,c
7433_T1150003_VB10_Base_1of2_Tara_1x1_l_c,7433,Nikon,1x,1,T1150003,VB10,,Base,1of2,External,Tara,l,c
7435_T1150003_VB10_Base_2of2_Tara_1x1_d_c,7435,Nikon,1x,1,T1150003,VB10,,Base,2of2,External,Tara,d,c
7436_T1150003_VB10_Base_2of2_Tara_1x1_l_c,7436,Nikon,1x,1,T1150003,VB10,,Base,2of2,External,Tara,l,c
7438_T1150003_VB10_Base_1of2_Tara_1x1_d_c,7438,Nikon,1x,1,T1150003,VB10,,Base,1of2,External,Tara,d,c
7439_T1150003_VB10_Base_1of2_Tara_1x1_l_c,7439,Nikon,1x,1,T1150003,VB10,,Base,1of2,External,Tara,l,c
7441_T1150003_VB7_Mid_1of2_Tara_1x1_d_c,7441,Nikon,1x,1,T1150003,VB7,,Mid,1of2,External,Tara,d,c
7442_T1150003_VB7_Mid_1of2_Tara_1x1_l_c,7442,Nikon,1x,1,T1150003,VB7,,Mid,1of2,External,Tara,l,c
7444_T1150003_VB7_Mid_2of2_Tara_1x1_d_c,7444,Nikon,1x,1,T1150003,VB7,,Mid,2of2,External,Tara,d,c
7445_T1150003_VB7_Mid_2of2_Tara_1x1_l_c,7445,Nikon,1x,1,T1150003,VB7,,Mid,2of2,External,Tara,l,c
7447_T1150003_VB7_Mid_1of2_Tara_1x1_d_c,7447,Nikon,1x,1,T1150003,VB7,,Mid,1of2,External,Tara,d,c
7448_T1150003_VB7_Mid_1of2_Tara_1x1_l_c,7448,Nikon,1x,1,T1150003,VB7,,Mid,1of2,External,Tara,l,c
7450_T1150003_VB7_Mid_2of2_Tara_1x1_d_c,7450,Nikon,1x,1,T1150003,VB7,,Mid,2of2,External,Tara,d,c
7451_T1150003_VB7_Mid_2of2_Tara_1x1_l_c,7451,Nikon,1x,1,T1150003,VB7,,Mid,2of2,External,Tara,l,c
7453_T1150003_VB7_Mid_1of2_Tara_1x1_d_c,7453,Nikon,1x,1,T1150003,VB7,,Mid,1of2,External,Tara,d,c
7454_T1150003_VB7_Mid_1of2_Tara_1x1_l_c,7454,Nikon,1x,1,T1150003,VB7,,Mid,1of2,External,Tara,l,c
7456_T1150003_VB7_Mid_2of2_Tara_1x1_d_c,7456,Nikon,1x,1,T1150003,VB7,,Mid,2of2,External,Tara,d,c
7457_T1150003_VB7_Mid_2of2_Tara_1x1_l_c,7457,Nikon,1x,1,T1150003,VB7,,Mid,2of2,External,Tara,l,c
7459_T1150003_VB7_Mid_1of2_Tara_1x1_d_c,7459,Nikon,1x,1,T1150003,VB7,,Mid,1of2,External,Tara,d,c
7460_T1150003_VB7_Mid_1of2_Tara_1x1_l_c,7460,Nikon,1x,1,T1150003,VB7,,Mid,1of2,External,Tara,l,c
7462_T1150003_VB7_Mid_1of2_Tara_1x1_d_c,7462,Nikon,1x,1,T1150003,VB7,,Mid,1of2,External,Tara,d,c
7463_T1150003_VB7_Mid_1of2_Tara_1x1_l_c,7463,Nikon,1x,1,T1150003,VB7,,Mid,1of2,External,Tara,l,c
7465_T1150003_VB7_Mid_2of2_Tara_1x1_d_c,7465,Nikon,1x,1,T1150003,VB7,,Mid,2of2,External,Tara,d,c
7466_T1150003_VB7_Mid_2of2_Tara_1x1_l_c,7466,Nikon,1x,1,T1150003,VB7,,Mid,2of2,External,Tara,l,c
7468_T1150003_-_Top_1of2_Tara_1x1_d_c,7468,Nikon,1x,1,T1150003,,,Top,1of2,External,Tara,d,c
7469_T1150003_-_Top_1of2_Tara_1x1_l_c,7469,Nikon,1x,1,T1150003,,,Top,1of2,External,Tara,l,c
7471_T1150003_-_Top_2of2_Tara_1x1_d_c,7471,Nikon,1x,1,T1150003,,,Top,2of2,External,Tara,d,c
7472_T1150003_-_Top_2of2_Tara_1x1_l_c,7472,Nikon,1x,1,T1150003,,,Top,2of2,External,Tara,l,c
7474_T1150003_-_Top_1of1_Tara_1x1_d_c,7474,Nikon,1x,1,T1150003,,,Top,1of1,Solo,Tara,d,c
7475_T1150003_-_Top_1of1_Tara_1x1_l_c,7475,Nikon,1x,1,T1150003,,,Top,1of1,Solo,Tara,l,c
7477_T1150003_-_Top_1of1_Tara_1x1_d_c,7477,Nikon,1x,1,T1150003,,,Top,1of1,Solo,Tara,d,c
7478_T1150003_-_Top_1of1_Tara_1x1_l_c,7478,Nikon,1x,1,T1150003,,,Top,1of1,Solo,Tara,l,c
7480_T1150003_VB2_Top_1of1_Tara_1x1_d_c,7480,Nikon,1x,1,T1150003,VB2,,Top,1of1,Solo,Tara,d,c
7481_T1150003_VB2_Top_1of1_Tara_1x1_l_c,7481,Nikon,1x,1,T1150003,VB2,,Top,1of1,Solo,Tara,l,c
7483_T1150003_VB2_Top_1of1_Tara_1x1_d_c,7483,Nikon,1x,1,T1150003,VB2,,Top,1of1,Solo,Tara,d,c
7484_T1150003_VB2_Top_1of1_Tara_1x1_l_c,7484,Nikon,1x,1,T1150003,VB2,,Top,1of1,Solo,Tara,l,c
7486_T1150003_VB3_Top_1of2_Tara_1x1_d_c,7486,Nikon,1x,1,T1150003,VB3,,Top,1of2,External,Tara,d,c
7487_T1150003_VB3_Top_1of2_Tara_1x1_l_c,7487,Nikon,1x,1,T1150003,VB3,,Top,1of2,External,Tara,l,c
7489_T1150003_VB3_Top_2of2_Tara_1x1_d_c,7489,Nikon,1x,1,T1150003,VB3,,Top,2of2,External,Tara,d,c
7490_T1150003_VB3_Top_2of2_Tara_1x1_l_c,7490,Nikon,1x,1,T1150003,VB3,,Top,2of2,External,Tara,l,c
7492_T1150003_VB3_Top_1of2_Tara_1x1_d_c,7492,Nikon,1x,1,T1150003,VB3,,Top,1of2,External,Tara,d,c
7493_T1150003_VB3_Top_1of2_Tara_1x1_l_c,7493,Nikon,1x,1,T1150003,VB3,,Top,1of2,External,Tara,l,c
7711_TRI16629_VB14_Base_1of1_Tdcd_1x1_d_c,7711,Nikon,1x,1,TRI16629,VB14,,Base,1of1,Solo,Tdcd,d,c
7712_TRI16629_VB14_Base_1of1_Tdcd_1x1_l_c,7712,Nikon,1x,1,TRI16629,VB14,,Base,1of1,Solo,Tdcd,l,c
7713_TRI16629_VB13_Base_1of2_Tdcd_1x1_d_c,7713,Nikon,1x,1,TRI16629,VB13,,Base,1of2,External,Tdcd,d,c
7714_TRI16629_VB13_Base_1of2_Tdcd_1x1_l_c,7714,Nikon,1x,1,TRI16629,VB13,,Base,1of2,External,Tdcd,l,c
7715_TRI16629_VB13_Base_2of2_Tdcd_1x1_d_c,7715,Nikon,1x,1,TRI16629,VB13,,Base,2of2,External,Tdcd,d,c
7716_TRI16629_VB13_Base_2of2_Tdcd_1x1_l_c,7716,Nikon,1x,1,TRI16629,VB13,,Base,2of2,External,Tdcd,l,c
7717_TRI16629_VB12_Base_1of2_Tdcd_1x1_d_c,7717,Nikon,1x,1,TRI16629,VB12,,Base,1of2,External,Tdcd,d,c
7718_TRI16629_VB12_Base_1of2_Tdcd_1x1_l_c,7718,Nikon,1x,1,TRI16629,VB12,,Base,1of2,External,Tdcd,l,c
7719_TRI16629_VB12_Base_1of1_Tdcd_1x1_d_c,7719,Nikon,1x,1,TRI16629,VB12,,Base,1of1,Solo,Tdcd,d,c
7720_TRI16629_VB12_Base_1of1_Tdcd_1x1_l_c,7720,Nikon,1x,1,TRI16629,VB12,,Base,1of1,Solo,Tdcd,l,c
7721_TRI16629_VB12_Base_1of1_Tdcd_1x1_d_c,7721,Nikon,1x,1,TRI16629,VB12,,Base,1of1,Solo,Tdcd,d,c
7722_TRI16629_VB12_Base_1of1_Tdcd_1x1_l_c,7722,Nikon,1x,1,TRI16629,VB12,,Base,1of1,Solo,Tdcd,l,c
7723_TRI16629_VB11_Base_1of2_Tdcd_1x1_d_c,7723,Nikon,1x,1,TRI16629,VB11,,Base,1of2,External,Tdcd,d,c
7724_TRI16629_VB11_Base_1of2_Tdcd_1x1_l_c,7724,Nikon,1x,1,TRI16629,VB11,,Base,1of2,External,Tdcd,l,c
7725_TRI16629_VB11_Base_2of2_Tdcd_1x1_d_c,7725,Nikon,1x,1,TRI16629,VB11,,Base,2of2,External,Tdcd,d,c
7726_TRI16629_VB11_Base_2of2_Tdcd_1x1_l_c,7726,Nikon,1x,1,TRI16629,VB11,,Base,2of2,External,Tdcd,l,c
7727_TRI16629_VB8_Base_1of2_Tdcd_1x1_d_c,7727,Nikon,1x,1,TRI16629,VB8,,Mid,1of2,External,Tdcd,d,c
7728_TRI16629_VB8_Base_1of2_Tdcd_1x1_l_c,7728,Nikon,1x,1,TRI16629,VB8,,Mid,1of2,External,Tdcd,l,c
7729_TRI16629_VB8_Mid_2of2_Tdcd_1x1_d_c,7729,Nikon,1x,1,TRI16629,VB8,,Mid,2of2,External,Tdcd,d,c
7730_TRI16629_VB8_Mid_2of2_Tdcd_1x1_l_c,7730,Nikon,1x,1,TRI16629,VB8,,Mid,2of2,External,Tdcd,l,c
7731_TRI16629_VB8_Mid_1of2_Tdcd_1x1_d_c,7731,Nikon,1x,1,TRI16629,VB8,,Mid,1of2,External,Tdcd,d,c
7732_TRI16629_VB8_Mid_1of2_Tdcd_1x1_l_c,7732,Nikon,1x,1,TRI16629,VB8,,Mid,1of2,External,Tdcd,l,c
7733_TRI16629_VB8_Mid_2of2_Tdcd_1x1_d_c,7733,Nikon,1x,1,TRI16629,VB8,,Mid,2of2,External,Tdcd,d,c
7734_TRI16629_VB8_Mid_2of2_Tdcd_1x1_l_c,7734,Nikon,1x,1,TRI16629,VB8,,Mid,2of2,External,Tdcd,l,c
7735_TRI16629_VB7_Mid_1of2_Tdcd_1x1_d_c,7735,Nikon,1x,1,TRI16629,VB7,,Mid,1of2,External,Tdcd,d,c
7736_TRI16629_VB7_Mid_1of2_Tdcd_1x1_l_c,7736,Nikon,1x,1,TRI16629,VB7,,Mid,1of2,External,Tdcd,l,c
7737_TRI16629_VB7_Mid_2of2_Tdcd_1x1_d_c,7737,Nikon,1x,1,TRI16629,VB7,,Mid,2of2,External,Tdcd,d,c
7738_TRI16629_VB7_Mid_2of2_Tdcd_1x1_l_c,7738,Nikon,1x,1,TRI16629,VB7,,Mid,2of2,External,Tdcd,l,c
7739_TRI16629_VB7_Mid_1of1_Tdcd_1x1_d_c,7739,Nikon,1x,1,TRI16629,VB7,,Mid,1of1,Solo,Tdcd,d,c
7740_TRI16629_VB7_Mid_1of1_Tdcd_1x1_l_c,7740,Nikon,1x,1,TRI16629,VB7,,Mid,1of1,Solo,Tdcd,l,c
7741_TRI16629_VB6_Mid_1of2_Tdcd_1x1_d_c,7741,Nikon,1x,1,TRI16629,VB6,,Mid,1of2,External,Tdcd,d,c
7742_TRI16629_VB6_Mid_1of2_Tdcd_1x1_l_c,7742,Nikon,1x,1,TRI16629,VB6,,Mid,1of2,External,Tdcd,l,c
7743_TRI16629_VB6_Mid_2of2_Tdcd_1x1_d_c,7743,Nikon,1x,1,TRI16629,VB6,,Mid,2of2,External,Tdcd,d,c
7744_TRI16629_VB6_Mid_2of2_Tdcd_1x1_l_c,7744,Nikon,1x,1,TRI16629,VB6,,Mid,2of2,External,Tdcd,l,c
7745_TRI16629_VB3_Top_1of2_Tdcd_1x1_d_c,7745,Nikon,1x,1,TRI16629,VB3,,Top,1of2,External,Tdcd,d,c
7746_TRI16629_VB3_Top_1of2_Tdcd_1x1_l_c,7746,Nikon,1x,1,TRI16629,VB3,,Top,1of2,External,Tdcd,l,c
7747_TRI16629_VB3_Top_2of2_Tdcd_1x1_d_c,7747,Nikon,1x,1,TRI16629,VB3,,Top,2of2,External,Tdcd,d,c
7748_TRI16629_VB3_Top_2of2_Tdcd_1x1_l_c,7748,Nikon,1x,1,TRI16629,VB3,,Top,2of2,External,Tdcd,l,c
7749_TRI16629_VB3_Top_1of1_Tdcd_1x1_d_c,7749,Nikon,1x,1,TRI16629,VB3,,Top,1of1,Solo,Tdcd,d,c
7750_TRI16629_VB3_Top_1of1_Tdcd_1x1_l_c,7750,Nikon,1x,1,TRI16629,VB3,,Top,1of1,Solo,Tdcd,l,c
7751_TRI16629_VB3_Top_1of2_Tdcd_1x1_d_c,7751,Nikon,1x,1,TRI16629,VB3,,Top,1of2,External,Tdcd,d,c
7752_TRI16629_VB3_Top_1of2_Tdcd_1x1_l_c,7752,Nikon,1x,1,TRI16629,VB3,,Top,1of2,External,Tdcd,l,c
7753_TRI16629_VB3_Top_2of2_Tdcd_1x1_d_c,7753,Nikon,1x,1,TRI16629,VB3,,Top,2of2,External,Tdcd,d,c
7754_TRI16629_VB3_Top_2of2_Tdcd_1x1_l_c,7754,Nikon,1x,1,TRI16629,VB3,,Top,2of2,External,Tdcd,l,c
7755_TRI16629_VB3_Top_1of1_Tdcd_1x1_d_c,7755,Nikon,1x,1,TRI16629,VB3,,Top,1of1,Solo,Tdcd,d,c
7756_TRI16629_VB3_Top_1of1_Tdcd_1x1_l_c,7756,Nikon,1x,1,TRI16629,VB3,,Top,1of1,Solo,Tdcd,l,c
7757_TRI16629_-_Top_1of1_Tdcd_1x1_d_c,7757,Nikon,1x,1,TRI16629,-,,Top,1of1,Solo,Tdcd,d,c
7758_TRI16629_-_Top_1of1_Tdcd_1x1_l_c,7758,Nikon,1x,1,TRI16629,-,,Top,1of1,Solo,Tdcd,l,c
7759_TRI16629_-_Top_1of2_Tdcd_1x1_d_c,7759,Nikon,1x,1,TRI16629,-,,Top,1of2,External,Tdcd,d,c
7760_TRI16629_-_Top_1of2_Tdcd_1x1_l_c,7760,Nikon,1x,1,TRI16629,-,,Top,1of2,External,Tdcd,l,c
7761_TRI16629_-_Top_2of2_Tdcd_1x1_d_c,7761,Nikon,1x,1,TRI16629,-,,Top,2of2,External,Tdcd,d,c
7762_TRI16629_-_Top_2of2_Tdcd_1x1_l_c,7762,Nikon,1x,1,TRI16629,-,,Top,2of2,External,Tdcd,l,c
7763_TRI11502_-_Base_1of1_Tdcd_1x1_d_c,7763,Nikon,1x,1,TRI11502,-,,Base,1of1,Solo,Tdcd,d,c
7764_TRI11502_-_Base_1of1_Tdcd_1x1_l_c,7764,Nikon,1x,1,TRI11502,-,,Base,1of1,Solo,Tdcd,l,c
7765_TRI11502_-_Base_1of1_Tdcd_1x1_d_c,7765,Nikon,1x,1,TRI11502,-,,Base,1of1,Solo,Tdcd,d,c
7766_TRI11502_-_Base_1of1_Tdcd_1x1_l_c,7766,Nikon,1x,1,TRI11502,-,,Base,1of1,Solo,Tdcd,l,c
7767_TRI11502_VB13_Base_1of1_Tdcd_1x1_d_c,7767,Nikon,1x,1,TRI11502,VB13,,Base,1of1,Solo,Tdcd,d,c
7768_TRI11502_VB13_Base_1of1_Tdcd_1x1_l_c,7768,Nikon,1x,1,TRI11502,VB13,,Base,1of1,Solo,Tdcd,l,c
7769_TRI11502_VB13_Base_1of2_Tdcd_1x1_d_c,7769,Nikon,1x,1,TRI11502,VB13,,Base,1of2,External,Tdcd,d,c
7770_TRI11502_VB13_Base_1of2_Tdcd_1x1_l_c,7770,Nikon,1x,1,TRI11502,VB13,,Base,1of2,External,Tdcd,l,c
7771_TRI11502_VB13_Base_2of2_Tdcd_1x1_d_c,7771,Nikon,1x,1,TRI11502,VB13,,Base,2of2,External,Tdcd,d,c
7772_TRI11502_VB13_Base_2of2_Tdcd_1x1_l_c,7772,Nikon,1x,1,TRI11502,VB13,,Base,2of2,External,Tdcd,l,c
7773_TRI11502_VB12_Base_1of1_Tdcd_1x1_d_c,7773,Nikon,1x,1,TRI11502,VB12,,Base,1of1,Solo,Tdcd,d,c
7774_TRI11502_VB12_Base_1of1_Tdcd_1x1_l_c,7774,Nikon,1x,1,TRI11502,VB12,,Base,1of1,Solo,Tdcd,l,c
7775_TRI11502_VB12_Base_1of1_Tdcd_1x1_d_c,7775,Nikon,1x,1,TRI11502,VB12,,Base,1of1,Solo,Tdcd,d,c
7776_TRI11502_VB12_Base_1of1_Tdcd_1x1_l_c,7776,Nikon,1x,1,TRI11502,VB12,,Base,1of1,Solo,Tdcd,l,c
7777_TRI11502_VB13_Base_1of1_Tdcd_1x1_d_c,7777,Nikon,1x,1,TRI11502,VB13,,Base,1of1,Solo,Tdcd,d,c
7778_TRI11502_VB13_Base_1of1_Tdcd_1x1_l_c,7778,Nikon,1x,1,TRI11502,VB13,,Base,1of1,Solo,Tdcd,l,c
7779_TRI11502_VB12_Base_1of1_Tdcd_1x1_d_c,7779,Nikon,1x,1,TRI11502,VB12,,Base,1of1,Solo,Tdcd,d,c
7780_TRI11502_VB12_Base_1of1_Tdcd_1x1_l_c,7780,Nikon,1x,1,TRI11502,VB12,,Base,1of1,Solo,Tdcd,l,c
7781_TRI11502_VB11_Base_1of2_Tdcd_1x1_d_c,7781,Nikon,1x,1,TRI11502,VB11,,Base,1of2,External,Tdcd,d,c
7782_TRI11502_VB11_Base_1of2_Tdcd_1x1_l_c,7782,Nikon,1x,1,TRI11502,VB11,,Base,1of2,External,Tdcd,l,c
7783_TRI11502_VB11_Base_1of2_Tdcd_1x1_d_c,7783,Nikon,1x,1,TRI11502,VB11,,Base,1of2,External,Tdcd,d,c
7784_TRI11502_VB11_Base_2of2_Tdcd_1x1_l_c,7784,Nikon,1x,1,TRI11502,VB11,,Base,2of2,External,Tdcd,l,c
7785_TRI11502_VB11_Base_1of1_Tdcd_1x1_d_c,7785,Nikon,1x,1,TRI11502,VB11,,Base,1of1,Solo,Tdcd,d,c
7786_TRI11502_VB11_Base_1of1_Tdcd_1x1_l_c,7786,Nikon,1x,1,TRI11502,VB11,,Base,1of1,Solo,Tdcd,l,c
7787_TRI11502_VB11_Base_1of2_Tdcd_1x1_d_c,7787,Nikon,1x,1,TRI11502,VB11,,Base,1of2,External,Tdcd,d,c
7788_TRI11502_VB11_Base_1of2_Tdcd_1x1_l_c,7788,Nikon,1x,1,TRI11502,VB11,,Base,1of2,External,Tdcd,l,c
7789_TRI11502_VB11_Base_2of2_Tdcd_1x1_d_c,7789,Nikon,1x,1,TRI11502,VB11,,Base,2of2,External,Tdcd,d,c
7790_TRI11502_VB11_Base_2of2_Tdcd_1x1_l_c,7790,Nikon,1x,1,TRI11502,VB11,,Base,2of2,External,Tdcd,l,c
7791_TRI11502_VB11_Base_1of1_Tdcd_1x1_d_c,7791,Nikon,1x,1,TRI11502,VB11,,Base,1of1,Solo,Tdcd,d,c
7792_TRI11502_VB11_Base_1of1_Tdcd_1x1_l_c,7792,Nikon,1x,1,TRI11502,VB11,,Base,1of1,Solo,Tdcd,l,c
7793_TRI11502_VB11_Base_1of1_Tdcd_1x1_d_c,7793,Nikon,1x,1,TRI11502,VB11,,Base,1of1,External,Tdcd,d,c
7794_TRI11502_VB11_Base_1of1_Tdcd_1x1_l_c,7794,Nikon,1x,1,TRI11502,VB11,,Base,1of1,External,Tdcd,l,c
7795_TRI11502_VB11_Base_1of1_Tdcd_1x1_d_c,7795,Nikon,1x,1,TRI11502,VB11,,Base,1of1,Solo,Tdcd,d,c
7796_TRI11502_VB11_Base_1of1_Tdcd_1x1_l_c,7796,Nikon,1x,1,TRI11502,VB11,,Base,1of1,Solo,Tdcd,l,c
7797_TRI11502_VB11_Base_1of1_Tdcd_1x1_d_c,7797,Nikon,1x,1,TRI11502,VB11,,Base,1of1,Solo,Tdcd,d,c
7798_TRI11502_VB11_Base_1of1_Tdcd_1x1_l_c,7798,Nikon,1x,1,TRI11502,VB11,,Base,1of1,Solo,Tdcd,l,c
7799_TRI11502_VB10_Mid_1of1_Tdcd_1x1_d_c,7799,Nikon,1x,1,TRI11502,VB10,,Mid,1of1,Solo,Tdcd,d,c
7800_TRI11502_VB10_Mid_1of1_Tdcd_1x1_l_c,7800,Nikon,1x,1,TRI11502,VB10,,Mid,1of1,Solo,Tdcd,l,c
7801_TRI11502_VB10_Mid_1of1_Tdcd_1x1_d_c,7801,Nikon,1x,1,TRI11502,VB10,,Mid,1of1,Solo,Tdcd,d,c
7802_TRI11502_VB10_Mid_1of1_Tdcd_1x1_l_c,7802,Nikon,1x,1,TRI11502,VB10,,Mid,1of1,Solo,Tdcd,l,c
7803_TRI11502_VB9_Mid_1of1_Tdcd_1x1_d_c,7803,Nikon,1x,1,TRI11502,VB9,,Mid,1of1,Solo,Tdcd,d,c
7804_TRI11502_VB9_Mid_1of1_Tdcd_1x1_l_c,7804,Nikon,1x,1,TRI11502,VB9,,Mid,1of1,Solo,Tdcd,l,c
7805_TRI11502_VB7_Mid_1of2_Tdcd_1x1_d_c,7805,Nikon,1x,1,TRI11502,VB7,,Mid,1of2,External,Tdcd,d,c
7806_TRI11502_VB7_Mid_1of2_Tdcd_1x1_l_c,7806,Nikon,1x,1,TRI11502,VB7,,Mid,1of2,External,Tdcd,l,c
7807_TRI11502_VB7_Mid_2of2_Tdcd_1x1_d_c,7807,Nikon,1x,1,TRI11502,VB7,,Mid,2of2,External,Tdcd,d,c
7808_TRI11502_VB7_Mid_2of2_Tdcd_1x1_l_c,7808,Nikon,1x,1,TRI11502,VB7,,Mid,2of2,External,Tdcd,l,c
7809_TRI11502_VB8_Mid_1of1_Tdcd_1x1_d_c,7809,Nikon,1x,1,TRI11502,VB8,,Mid,1of1,Solo,Tdcd,d,c
7810_TRI11502_VB8_Mid_1of1_Tdcd_1x1_l_c,7810,Nikon,1x,1,TRI11502,VB8,,Mid,1of1,Solo,Tdcd,l,c
7811_TRI11502_VB8_Mid_1of1_Tdcd_1x1_d_c,7811,Nikon,1x,1,TRI11502,VB8,,Mid,1of1,Solo,Tdcd,d,c
7812_TRI11502_VB8_Mid_1of1_Tdcd_1x1_l_c,7812,Nikon,1x,1,TRI11502,VB8,,Mid,1of1,Solo,Tdcd,l,c
7813_TRI11502_VB8_Mid_1of1_Tdcd_1x1_d_c,7813,Nikon,1x,1,TRI11502,VB8,,Mid,1of1,Solo,Tdcd,d,c
7814_TRI11502_VB8_Mid_1of1_Tdcd_1x1_l_c,7814,Nikon,1x,1,TRI11502,VB8,,Mid,1of1,Solo,Tdcd,l,c
7815_TRI11502_VB9_Mid_1of1_Tdcd_1x1_d_c,7815,Nikon,1x,1,TRI11502,VB9,,Mid,1of1,Solo,Tdcd,d,c
7816_TRI11502_VB9_Mid_1of1_Tdcd_1x1_l_c,7816,Nikon,1x,1,TRI11502,VB9,,Mid,1of1,Solo,Tdcd,l,c
7817_TRI11501_VB16_Base_1of1_Tdcd_1x1_d_c,7817,Nikon,1x,1,TRI11501,VB16,,Base,1of1,Solo,Tdcd,d,c
7818_TRI11501_VB16_Base_1of1_Tdcd_1x1_l_c,7818,Nikon,1x,1,TRI11501,VB16,,Base,1of1,Solo,Tdcd,l,c
7819_TRI11501_VB16_Base_1of1_Tdcd_1x1_d_c,7819,Nikon,1x,1,TRI11501,VB16,,Base,1of1,Solo,Tdcd,d,c
7820_TRI11501_VB16_Base_1of1_Tdcd_1x1_l_c,7820,Nikon,1x,1,TRI11501,VB16,,Base,1of1,Solo,Tdcd,l,c
7821_TRI11501_VB16_Base_1of1_Tdcd_1x1_d_c,7821,Nikon,1x,1,TRI11501,VB16,,Base,1of1,Solo,Tdcd,d,c
7822_TRI11501_VB16_Base_1of1_Tdcd_1x1_l_c,7822,Nikon,1x,1,TRI11501,VB16,,Base,1of1,Solo,Tdcd,l,c
7823_TRI11501_-_Base_1of2_Tdcd_1x1_d_c,7823,Nikon,1x,1,TRI11501,-,,Base,1of2,,Tdcd,d,c
7824_TRI11501_-_Base_1of2_Tdcd_1x1_l_c,7824,Nikon,1x,1,TRI11501,-,,Base,1of2,,Tdcd,l,c
7825_TRI11501_-_Base_2of2_Tdcd_1x1_d_c,7825,Nikon,1x,1,TRI11501,-,,Base,2of2,External,Tdcd,d,c
7826_TRI11501_-_Base_2of2_Tdcd_1x1_l_c,7826,Nikon,1x,1,TRI11501,-,,Base,2of2,External,Tdcd,l,c
7827_TRI11501_-_Base_1of1_Tdcd_1x1_d_c,7827,Nikon,1x,1,TRI11501,-,,Base,1of1,Solo,Tdcd,d,c
7828_TRI11501_-_Base_1of1_Tdcd_1x1_l_c,7828,Nikon,1x,1,TRI11501,-,,Base,1of1,Solo,Tdcd,l,c
7829_TRI11501_VB15_Base_1of1_Tdcd_1x1_d_c,7829,Nikon,1x,1,TRI11501,VB15,,Base,1of1,Solo,Tdcd,d,c
7830_TRI11501_VB15_Base_1of1_Tdcd_1x1_l_c,7830,Nikon,1x,1,TRI11501,VB15,,Base,1of1,Solo,Tdcd,l,c
7831_TRI11501_VB14_Base_1of1_Tdcd_1x1_d_c,7831,Nikon,1x,1,TRI11501,VB14,,Base,1of1,Solo,Tdcd,d,c
7832_TRI11501_VB14_Base_1of1_Tdcd_1x1_l_c,7832,Nikon,1x,1,TRI11501,VB14,,Base,1of1,Solo,Tdcd,l,c
7833_TRI11501_VB14_Base_1of1_Tdcd_1x1_d_c,7833,Nikon,1x,1,TRI11501,VB14,,Base,1of1,Solo,Tdcd,d,c
7834_TRI11501_VB14_Base_1of1_Tdcd_1x1_l_c,7834,Nikon,1x,1,TRI11501,VB14,,Base,1of1,Solo,Tdcd,l,c
7835_TRI11501_VB14_Base_1of2_Tdcd_1x1_d_c,7835,Nikon,1x,1,TRI11501,VB14,,Base,1of2,External,Tdcd,d,c
7836_TRI11501_VB14_Base_1of2_Tdcd_1x1_l_c,7836,Nikon,1x,1,TRI11501,VB14,,Base,1of2,External,Tdcd,l,c
7837_TRI11501_VB14_Base_2of2_Tdcd_1x1_d_c,7837,Nikon,1x,1,TRI11501,VB14,,Base,2of2,External,Tdcd,d,c
7838_TRI11501_VB14_Base_2of2_Tdcd_1x1_l_c,7838,Nikon,1x,1,TRI11501,VB14,,Base,2of2,External,Tdcd,l,c
7839_TRI11501_VB14_Base_1of2_Tdcd_1x1_d_c,7839,Nikon,1x,1,TRI11501,VB14,,Base,1of2,External,Tdcd,d,c
7840_TRI11501_VB14_Base_1of2_Tdcd_1x1_l_c,7840,Nikon,1x,1,TRI11501,VB14,,Base,1of2,External,Tdcd,l,c
7841_TRI11501_VB14_Base_2of2_Tdcd_1x1_d_c,7841,Nikon,1x,1,TRI11501,VB14,,Base,2of2,External,Tdcd,d,c
7842_TRI11501_VB14_Base_2of2_Tdcd_1x1_l_c,7842,Nikon,1x,1,TRI11501,VB14,,Base,2of2,External,Tdcd,l,c
7843_TRI11501_VB14_Base_1of1_Tdcd_1x1_d_c,7843,Nikon,1x,1,TRI11501,VB14,,Base,1of1,Solo,Tdcd,d,c
7844_TRI11501_VB14_Base_1of1_Tdcd_1x1_l_c,7844,Nikon,1x,1,TRI11501,VB14,,Base,1of1,Solo,Tdcd,l,c
7845_TRI11501_VB13_Base_1of1_Tdcd_1x1_d_c,7845,Nikon,1x,1,TRI11501,VB13,,Base,1of1,Solo,Tdcd,d,c
7846_TRI11501_VB13_Base_1of1_Tdcd_1x1_l_c,7846,Nikon,1x,1,TRI11501,VB13,,Base,1of1,Solo,Tdcd,l,c
7847_TRI11501_VB13_Base_1of2_Tdcd_1x1_d_c,7847,Nikon,1x,1,TRI11501,VB13,,Base,1of2,External,Tdcd,d,c
7848_TRI11501_VB13_Base_1of2_Tdcd_1x1_l_c,7848,Nikon,1x,1,TRI11501,VB13,,Base,1of2,External,Tdcd,l,c
7849_TRI11501_VB13_Base_2of2_Tdcd_1x1_d_c,7849,Nikon,1x,1,TRI11501,VB13,,Base,2of2,External,Tdcd,d,c
7850_TRI11501_VB13_Base_2of2_Tdcd_1x1_l_c,7850,Nikon,1x,1,TRI11501,VB13,,Base,2of2,External,Tdcd,l,c
7851_TRI11501_VB9_Mid_1of1_Tdcd_1x1_d_c,7851,Nikon,1x,1,TRI11501,VB9,,Mid,1of1,Solo,Tdcd,d,c
7852_TRI11501_VB9_Mid_1of1_Tdcd_1x1_l_c,7852,Nikon,1x,1,TRI11501,VB9,,Mid,1of1,Solo,Tdcd,l,c
7853_TRI11501_VB9_Mid_1of2_Tdcd_1x1_d_c,7853,Nikon,1x,1,TRI11501,VB9,,Mid,1of2,External,Tdcd,d,c
7854_TRI11501_VB9_Mid_1of2_Tdcd_1x1_l_c,7854,Nikon,1x,1,TRI11501,VB9,,Mid,1of2,External,Tdcd,l,c
7855_TRI11501_VB9_Mid_2of2_Tdcd_1x1_d_c,7855,Nikon,1x,1,TRI11501,VB9,,Mid,2of2,External,Tdcd,d,c
7856_TRI11501_VB9_Mid_2of2_Tdcd_1x1_l_c,7856,Nikon,1x,1,TRI11501,VB9,,Mid,2of2,External,Tdcd,l,c
7857_TRI11501_VB9_Mid_1of1_Tdcd_1x1_d_c,7857,Nikon,1x,1,TRI11501,VB9,,Mid,1of1,Solo,Tdcd,d,c
7858_TRI11501_VB9_Mid_1of1_Tdcd_1x1_l_c,7858,Nikon,1x,1,TRI11501,VB9,,Mid,1of1,Solo,Tdcd,l,c
7859_TRI11501_VB8_Mid_1of1_Tdcd_1x1_d_c,7859,Nikon,1x,1,TRI11501,VB8,,Mid,1of1,Solo,Tdcd,d,c
7860_TRI11501_VB8_Mid_1of1_Tdcd_1x1_l_c,7860,Nikon,1x,1,TRI11501,VB8,,Mid,1of1,Solo,Tdcd,l,c
7861_TRI11501_VB8_Mid_1of1_Tdcd_1x1_d_c,7861,Nikon,1x,1,TRI11501,VB8,,Mid,1of1,Solo,Tdcd,d,c
7862_TRI11501_VB8_Mid_1of1_Tdcd_1x1_l_c,7862,Nikon,1x,1,TRI11501,VB8,,Mid,1of1,Solo,Tdcd,l,c
7863_TRI11501_VB8_Mid_1of1_Tdcd_1x1_d_c,7863,Nikon,1x,1,TRI11501,VB8,,Mid,1of1,Solo,Tdcd,d,c
7864_TRI11501_VB8_Mid_1of1_Tdcd_1x1_l_c,7864,Nikon,1x,1,TRI11501,VB8,,Mid,1of1,Solo,Tdcd,l,c
7865_TRI11501_VB8_Mid_1of1_Tdcd_1x1_d_c,7865,Nikon,1x,1,TRI11501,VB8,,Mid,1of1,Solo,Tdcd,d,c
7866_TRI11501_VB8_Mid_1of1_Tdcd_1x1_l_c,7866,Nikon,1x,1,TRI11501,VB8,,Mid,1of1,Solo,Tdcd,l,c
7867_TRI11501_VB8_Mid_2of2_Tdcd_1x1_d_c,7867,Nikon,1x,1,TRI11501,VB8,,Mid,2of2,External,Tdcd,d,c
7868_TRI11501_VB8_Mid_2of2_Tdcd_1x1_l_c,7868,Nikon,1x,1,TRI11501,VB8,,Mid,2of2,External,Tdcd,l,c
7869_TRI11501_VB6_Top_1of1_Tdcd_1x1_d_c,7869,Nikon,1x,1,TRI11501,VB6,,Top,1of1,Solo,Tdcd,d,c
7870_TRI11501_VB6_Top_1of1_Tdcd_1x1_l_c,7870,Nikon,1x,1,TRI11501,VB6,,Top,1of1,Solo,Tdcd,l,c
7871_TRI16629_VB12_Base_2of2_Tdcd_1x1_d_c,7871,Nikon,1x,1,TRI16629,VB12,,Base,2of2,External,Tdcd,d,c
7872_TRI16629_VB12_Base_2of2_Tdcd_1x1_l_c,7872,Nikon,1x,1,TRI16629,VB12,,Base,2of2,External,Tdcd,l,c
