Filename,ID,Microscope,Objective,Mag,Accession,Ear /Bundles,Ear row,Ear Position,Spk position,Position type,taxon.code,View,Charred?
1543_TRI677_A_R1_1of2_Timo_1x1_d_c,1543,Nikon,1x,1,TRI677,A,R1,Base,1of2,External,Timo,d,c
1544_TRI677_A_R1_1of2_Timo_1x1_l_c,1544,Nikon,1x,1,TRI677,A,R1,Base,1of2,External,Timo,l,c
1546_TRI677_A_R1_2of2_Timo_1x1_d_c,1546,Nikon,1x,1,TRI677,A,R1,Base,2of2,External,Timo,d,c
1547_TRI677_A_R1_2of2_Timo_1x1_l_c,1547,Nikon,1x,1,TRI677,A,R1,Base,2of2,External,Timo,l,c
1549_TRI677_A_R2_1of2_Timo_1x1_d_c,1549,Nikon,1x,1,TRI677,A,R2,Base,1of2,External,Timo,d,c
1550_TRI677_A_R2_1of2_Timo_1x1_l_c,1550,Nikon,1x,1,TRI677,A,R2,Base,1of2,External,Timo,l,c
1552_TRI677_A_R7_1of2_Timo_1x1_d_c,1552,Nikon,1x,1,TRI677,A,R7,Mid,1of2,External,Timo,d,c
1553_TRI677_A_R7_1of2_Timo_1x1_l_c,1553,Nikon,1x,1,TRI677,A,R7,Mid,1of2,External,Timo,l,c
1555_TRI677_A_R7_2of2_Timo_1x1_d_c,1555,Nikon,1x,1,TRI677,A,R7,Mid,2of2,External,Timo,d,c
1556_TRI677_A_R7_2of2_Timo_1x1_l_c,1556,Nikon,1x,1,TRI677,A,R7,Mid,2of2,External,Timo,l,c
1558_TRI677_A_R8_2of2_Timo_1x1_d_c,1558,Nikon,1x,1,TRI677,A,R8,Mid,2of2,External,Timo,d,c
1559_TRI677_A_R8_2of2_Timo_1x1_l_c,1559,Nikon,1x,1,TRI677,A,R8,Mid,2of2,External,Timo,l,c
1561_TRI677_A_R13_1of2_Timo_1x1_d_c,1561,Nikon,1x,1,TRI677,A,R13,Top,1of2,External,Timo,d,c
1562_TRI677_A_R13_1of2_Timo_1x1_l_c,1562,Nikon,1x,1,TRI677,A,R13,Top,1of2,External,Timo,l,c
1564_TRI677_A_R13_2of2_Timo_1x1_d_c,1564,Nikon,1x,1,TRI677,A,R13,Top,2of2,External,Timo,d,c
1565_TRI677_A_R13_2of2_Timo_1x1_l_c,1565,Nikon,1x,1,TRI677,A,R13,Top,2of2,External,Timo,l,c
1567_TRI677_A_R14_1of1_Timo_1x1_d_c,1567,Nikon,1x,1,TRI677,A,R14,Top,1of1,Solo,Timo,d,c
1568_TRI677_A_R14_1of1_Timo_1x1_l_c,1568,Nikon,1x,1,TRI677,A,R14,Top,1of1,Solo,Timo,l,c
1759_TRI677_B_R1_1of2_Timo_1x1_d_c,1759,Nikon,1x,1,TRI677,B,R1,Base,1of2,External,Timo,d,c
1760_TRI677_B_R1_1of2_Timo_1x1_l_c,1760,Nikon,1x,1,TRI677,B,R1,Base,1of2,External,Timo,l,c
1762_TRI677_B_R1_2of2_Timo_1x1_d_c,1762,Nikon,1x,1,TRI677,B,R1,Base,2of2,External,Timo,d,c
1763_TRI677_B_R1_2of2_Timo_1x1_l_c,1763,Nikon,1x,1,TRI677,B,R1,Base,2of2,External,Timo,l,c
1765_TRI677_B_R2_1of2_Timo_1x1_d_c,1765,Nikon,1x,1,TRI677,B,R2,Base,1of2,External,Timo,d,c
1766_TRI677_B_R2_1of2_Timo_1x1_l_c,1766,Nikon,1x,1,TRI677,B,R2,Base,1of2,External,Timo,l,c
1768_TRI677_B_R6_1of2_Timo_1x1_d_c,1768,Nikon,1x,1,TRI677,B,R6,Mid,1of2,External,Timo,d,c
1769_TRI677_B_R6_1of2_Timo_1x1_l_c,1769,Nikon,1x,1,TRI677,B,R6,Mid,1of2,External,Timo,l,c
1771_TRI677_B_R6_2of2_Timo_1x1_d_c,1771,Nikon,1x,1,TRI677,B,R6,Mid,2of2,External,Timo,d,c
1772_TRI677_B_R6_2of2_Timo_1x1_l_c,1772,Nikon,1x,1,TRI677,B,R6,Mid,2of2,External,Timo,l,c
1774_TRI677_B_R7_2of2_Timo_1x1_d_c,1774,Nikon,1x,1,TRI677,B,R7,Mid,2of2,External,Timo,d,c
1775_TRI677_B_R7_2of2_Timo_1x1_l_c,1775,Nikon,1x,1,TRI677,B,R7,Mid,2of2,External,Timo,l,c
1777_TRI677_B_R9_1of2_Timo_1x1_d_c,1777,Nikon,1x,1,TRI677,B,R9,Top,1of2,External,Timo,d,c
1778_TRI677_B_R9_1of2_Timo_1x1_l_c,1778,Nikon,1x,1,TRI677,B,R9,Top,1of2,External,Timo,l,c
1780_TRI677_B_R10_1of1_Timo_1x1_d_c,1780,Nikon,1x,1,TRI677,B,R10,Top,1of1,Solo,Timo,d,c
1781_TRI677_B_R10_1of1_Timo_1x1_l_c,1781,Nikon,1x,1,TRI677,B,R10,Top,1of1,Solo,Timo,l,c
1783_TRI677_B_R11_1of1_Timo_1x1_d_c,1783,Nikon,1x,1,TRI677,B,R11,Top,1of1,Solo,Timo,d,c
1784_TRI677_B_R11_1of1_Timo_1x1_l_c,1784,Nikon,1x,1,TRI677,B,R11,Top,1of1,Solo,Timo,l,c
1786_TRI677_C_R1_1of2_Timo_1x1_d_c,1786,Nikon,1x,1,TRI677,C,R1,Base,1of2,External,Timo,d,c
1787_TRI677_C_R1_1of2_Timo_1x1_l_c,1787,Nikon,1x,1,TRI677,C,R1,Base,1of2,External,Timo,l,c
1789_TRI677_C_R1_2of2_Timo_1x1_d_c,1789,Nikon,1x,1,TRI677,C,R1,Base,2of2,External,Timo,d,c
1790_TRI677_C_R1_2of2_Timo_1x1_l_c,1790,Nikon,1x,1,TRI677,C,R1,Base,2of2,External,Timo,l,c
1792_TRI677_C_R2_2of2_Timo_1x1_d_c,1792,Nikon,1x,1,TRI677,C,R2,Base,2of2,External,Timo,d,c
1793_TRI677_C_R2_2of2_Timo_1x1_l_c,1793,Nikon,1x,1,TRI677,C,R2,Base,2of2,External,Timo,l,c
1795_TRI677_C_R7_1of2_Timo_1x1_d_c,1795,Nikon,1x,1,TRI677,C,R7,Mid,1of2,External,Timo,d,c
1796_TRI677_C_R7_1of2_Timo_1x1_l_c,1796,Nikon,1x,1,TRI677,C,R7,Mid,1of2,External,Timo,l,c
1798_TRI677_C_R7_2of2_Timo_1x1_d_c,1798,Nikon,1x,1,TRI677,C,R7,Mid,2of2,External,Timo,d,c
1799_TRI677_C_R7_2of2_Timo_1x1_l_c,1799,Nikon,1x,1,TRI677,C,R7,Mid,2of2,External,Timo,l,c
1801_TRI677_C_R8_1of2_Timo_1x1_d_c,1801,Nikon,1x,1,TRI677,C,R8,Mid,1of2,External,Timo,d,c
1802_TRI677_C_R8_1of2_Timo_1x1_l_c,1802,Nikon,1x,1,TRI677,C,R8,Mid,1of2,External,Timo,l,c
1804_TRI677_C_R13_1of2_Timo_1x1_d_c,1804,Nikon,1x,1,TRI677,C,R13,Top,1of2,External,Timo,d,c
1805_TRI677_C_R13_1of2_Timo_1x1_l_c,1805,Nikon,1x,1,TRI677,C,R13,Top,1of2,External,Timo,l,c
1807_TRI677_C_R13_2of2_Timo_1x1_d_c,1807,Nikon,1x,1,TRI677,C,R13,Top,2of2,External,Timo,d,c
1808_TRI677_C_R13_2of2_Timo_1x1_l_c,1808,Nikon,1x,1,TRI677,C,R13,Top,2of2,External,Timo,l,c
1810_TRI677_C_R14_1of1_Timo_1x1_d_c,1810,Nikon,1x,1,TRI677,C,R14,Top,1of1,Solo,Timo,d,c
1811_TRI677_C_R14_1of1_Timo_1x1_l_c,1811,Nikon,1x,1,TRI677,C,R14,Top,1of1,Solo,Timo,l,c
1867_T1160001_A_R1_2of2_Timo_1x1_d_c,1867,Nikon,1x,1,T1160001,A,R1,Base,2of2,External,Timo,d,c
1868_T1160001_A_R1_2of2_Timo_1x1_l_c,1868,Nikon,1x,1,T1160001,A,R1,Base,2of2,External,Timo,l,c
1870_T1160001_A_R2_1of2_Timo_1x1_d_c,1870,Nikon,1x,1,T1160001,A,R2,Base,1of2,External,Timo,d,c
1871_T1160001_A_R2_1of2_Timo_1x1_l_c,1871,Nikon,1x,1,T1160001,A,R2,Base,1of2,External,Timo,l,c
1873_T1160001_A_R2_2of2_Timo_1x1_d_c,1873,Nikon,1x,1,T1160001,A,R2,Base,2of2,External,Timo,d,c
1874_T1160001_A_R2_2of2_Timo_1x1_l_c,1874,Nikon,1x,1,T1160001,A,R2,Base,2of2,External,Timo,l,c
1876_T1160001_A_R11_1of2_Timo_1x1_d_c,1876,Nikon,1x,1,T1160001,A,R11,Mid,1of2,External,Timo,d,c
1877_T1160001_A_R11_1of2_Timo_1x1_l_c,1877,Nikon,1x,1,T1160001,A,R11,Mid,1of2,External,Timo,l,c
1879_T1160001_A_R11_2of2_Timo_1x1_d_c,1879,Nikon,1x,1,T1160001,A,R11,Mid,2of2,External,Timo,d,c
1880_T1160001_A_R11_2of2_Timo_1x1_l_c,1880,Nikon,1x,1,T1160001,A,R11,Mid,2of2,External,Timo,l,c
1882_T1160001_A_R12_1of2_Timo_1x1_d_c,1882,Nikon,1x,1,T1160001,A,R12,Mid,1of2,External,Timo,d,c
1883_T1160001_A_R12_1of2_Timo_1x1_l_c,1883,Nikon,1x,1,T1160001,A,R12,Mid,1of2,External,Timo,l,c
1885_T1160001_A_R20_2of2_Timo_1x1_d_c,1885,Nikon,1x,1,T1160001,A,R20,Top,2of2,External,Timo,d,c
1886_T1160001_A_R20_2of2_Timo_1x1_l_c,1886,Nikon,1x,1,T1160001,A,R20,Top,2of2,External,Timo,l,c
1888_T1160001_A_R21_1of1_Timo_1x1_d_c,1888,Nikon,1x,1,T1160001,A,R21,Top,1of1,Solo,Timo,d,c
1889_T1160001_A_R21_1of1_Timo_1x1_l_c,1889,Nikon,1x,1,T1160001,A,R21,Top,1of1,Solo,Timo,l,c
1891_T1160001_A_R22_1of1_Timo_1x1_d_c,1891,Nikon,1x,1,T1160001,A,R22,Top,1of1,Solo,Timo,d,c
1892_T1160001_A_R22_1of1_Timo_1x1_l_c,1892,Nikon,1x,1,T1160001,A,R22,Top,1of1,Solo,Timo,l,c
1894_T1160001_B_R1_1of2_Timo_1x1_d_c,1894,Nikon,1x,1,T1160001,B,R1,Base,1of2,External,Timo,d,c
1895_T1160001_B_R1_1of2_Timo_1x1_l_c,1895,Nikon,1x,1,T1160001,B,R1,Base,1of2,External,Timo,l,c
1897_T1160001_B_R1_2of2_Timo_1x1_d_c,1897,Nikon,1x,1,T1160001,B,R1,Base,2of2,External,Timo,d,c
1898_T1160001_B_R1_2of2_Timo_1x1_l_c,1898,Nikon,1x,1,T1160001,B,R1,Base,2of2,External,Timo,l,c
1900_T1160001_B_R2_1of2_Timo_1x1_d_c,1900,Nikon,1x,1,T1160001,B,R2,Base,1of2,External,Timo,d,c
1901_T1160001_B_R2_1of2_Timo_1x1_l_c,1901,Nikon,1x,1,T1160001,B,R2,Base,1of2,External,Timo,l,c
1903_T1160001_B_R10_1of2_Timo_1x1_d_c,1903,Nikon,1x,1,T1160001,B,R10,Mid,1of2,External,Timo,d,c
1904_T1160001_B_R10_1of2_Timo_1x1_l_c,1904,Nikon,1x,1,T1160001,B,R10,Mid,1of2,External,Timo,l,c
1906_T1160001_B_R10_2of2_Timo_1x1_d_c,1906,Nikon,1x,1,T1160001,B,R10,Mid,2of2,External,Timo,d,c
1907_T1160001_B_R10_2of2_Timo_1x1_l_c,1907,Nikon,1x,1,T1160001,B,R10,Mid,2of2,External,Timo,l,c
1909_T1160001_B_R11_2of2_Timo_1x1_d_c,1909,Nikon,1x,1,T1160001,B,R11,Mid,2of2,External,Timo,d,c
1910_T1160001_B_R11_2of2_Timo_1x1_l_c,1910,Nikon,1x,1,T1160001,B,R11,Mid,2of2,External,Timo,l,c
1912_T1160001_B_R18_1of1_Timo_1x1_d_c,1912,Nikon,1x,1,T1160001,B,R18,Top,1of1,Solo,Timo,d,c
1913_T1160001_B_R18_1of1_Timo_1x1_l_c,1913,Nikon,1x,1,T1160001,B,R18,Top,1of1,Solo,Timo,l,c
1915_T1160001_B_R19_1of1_Timo_1x1_d_c,1915,Nikon,1x,1,T1160001,B,R19,Top,1of1,Solo,Timo,d,c
1916_T1160001_B_R19_1of1_Timo_1x1_l_c,1916,Nikon,1x,1,T1160001,B,R19,Top,1of1,Solo,Timo,l,c
1918_T1160001_B_R20_1of1_Timo_1x1_d_c,1918,Nikon,1x,1,T1160001,B,R20,Top,1of1,Solo,Timo,d,c
1919_T1160001_B_R20_1of1_Timo_1x1_l_c,1919,Nikon,1x,1,T1160001,B,R20,Top,1of1,Solo,Timo,l,c
1921_T1160001_C_R1_1of1_Timo_1x1_d_c,1921,Nikon,1x,1,T1160001,C,R1,Base,1of1,Solo,Timo,d,c
1922_T1160001_C_R1_1of1_Timo_1x1_l_c,1922,Nikon,1x,1,T1160001,C,R1,Base,1of1,Solo,Timo,l,c
1924_T1160001_C_R2_1of2_Timo_1x1_d_c,1924,Nikon,1x,1,T1160001,C,R2,Base,1of2,External,Timo,d,c
1925_T1160001_C_R2_1of2_Timo_1x1_l_c,1925,Nikon,1x,1,T1160001,C,R2,Base,1of2,External,Timo,l,c
1927_T1160001_C_R2_2of2_Timo_1x1_d_c,1927,Nikon,1x,1,T1160001,C,R2,Base,2of2,External,Timo,d,c
1928_T1160001_C_R2_2of2_Timo_1x1_l_c,1928,Nikon,1x,1,T1160001,C,R2,Base,2of2,External,Timo,l,c
1930_T1160001_C_R11_1of2_Timo_1x1_d_c,1930,Nikon,1x,1,T1160001,C,R11,Mid,1of2,External,Timo,d,c
1931_T1160001_C_R11_1of2_Timo_1x1_l_c,1931,Nikon,1x,1,T1160001,C,R11,Mid,1of2,External,Timo,l,c
1933_T1160001_C_R11_2of2_Timo_1x1_d_c,1933,Nikon,1x,1,T1160001,C,R11,Mid,2of2,External,Timo,d,c
1934_T1160001_C_R11_2of2_Timo_1x1_l_c,1934,Nikon,1x,1,T1160001,C,R11,Mid,2of2,External,Timo,l,c
1936_T1160001_C_R12_2of2_Timo_1x1_d_c,1936,Nikon,1x,1,T1160001,C,R12,Mid,2of2,External,Timo,d,c
1937_T1160001_C_R12_2of2_Timo_1x1_l_c,1937,Nikon,1x,1,T1160001,C,R12,Mid,2of2,External,Timo,l,c
1939_T1160001_C_R20_1of2_Timo_1x1_d_c,1939,Nikon,1x,1,T1160001,C,R20,Top,1of2,External,Timo,d,c
1940_T1160001_C_R20_1of2_Timo_1x1_l_c,1940,Nikon,1x,1,T1160001,C,R20,Top,1of2,External,Timo,l,c
1942_T1160001_C_R21_1of1_Timo_1x1_d_c,1942,Nikon,1x,1,T1160001,C,R21,Top,1of1,Solo,Timo,d,c
1943_T1160001_C_R21_1of1_Timo_1x1_l_c,1943,Nikon,1x,1,T1160001,C,R21,Top,1of1,Solo,Timo,l,c
1945_T1160001_C_R22_1of1_Timo_1x1_d_c,1945,Nikon,1x,1,T1160001,C,R22,Top,1of1,Solo,Timo,d,c
1946_T1160001_C_R22_1of1_Timo_1x1_l_c,1946,Nikon,1x,1,T1160001,C,R22,Top,1of1,Solo,Timo,l,c
2974_CGN10497_VB13__1of2_Timo_1x1_d_c,2974,Nikon,1x,1,CGN10497,VB13,,Base,1of2,External,Timo,d,c
2975_CGN10497_VB13__1of2_Timo_1x1_l_c,2975,Nikon,1x,1,CGN10497,VB13,,Base,1of2,External,Timo,l,c
2977_CGN10497_VB13__2of2_Timo_1x1_d_c,2977,Nikon,1x,1,CGN10497,VB13,,Base,2of2,External,Timo,d,c
2978_CGN10497_VB13__2of2_Timo_1x1_l_c,2978,Nikon,1x,1,CGN10497,VB13,,Base,2of2,External,Timo,l,c
2980_CGN10497_VB12__1of1_Timo_1x1_d_c,2980,Nikon,1x,1,CGN10497,VB12,,Base,1of1,Solo,Timo,d,c
2981_CGN10497_VB12__1of1_Timo_1x1_l_c,2981,Nikon,1x,1,CGN10497,VB12,,Base,1of1,Solo,Timo,l,c
2983_CGN10497_VB11__1of2_Timo_1x1_d_c,2983,Nikon,1x,1,CGN10497,VB11,,Base,1of2,External,Timo,d,c
2984_CGN10497_VB11__1of2_Timo_1x1_l_c,2984,Nikon,1x,1,CGN10497,VB11,,Base,1of2,External,Timo,l,c
2986_CGN10497_VB11__2of2_Timo_1x1_d_c,2986,Nikon,1x,1,CGN10497,VB11,,Base,2of2,External,Timo,d,c
2987_CGN10497_VB11__2of2_Timo_1x1_l_c,2987,Nikon,1x,1,CGN10497,VB11,,Base,2of2,External,Timo,l,c
2989_CGN10497_VB11__1of2_Timo_1x1_d_c,2989,Nikon,1x,1,CGN10497,VB11,,Base,1of2,External,Timo,d,c
2990_CGN10497_VB11__1of2_Timo_1x1_l_c,2990,Nikon,1x,1,CGN10497,VB11,,Base,1of2,External,Timo,l,c
2992_CGN10497_VB11__2of2_Timo_1x1_d_c,2992,Nikon,1x,1,CGN10497,VB11,,Base,2of2,External,Timo,d,c
2993_CGN10497_VB11__2of2_Timo_1x1_l_c,2993,Nikon,1x,1,CGN10497,VB11,,Base,2of2,External,Timo,l,c
2995_CGN10497_VB11__1of2_Timo_1x1_d_c,2995,Nikon,1x,1,CGN10497,VB11,,Base,1of2,External,Timo,d,c
2996_CGN10497_VB11__1of2_Timo_1x1_l_c,2996,Nikon,1x,1,CGN10497,VB11,,Base,1of2,External,Timo,l,c
2998_CGN10497_VB11__2of2_Timo_1x1_d_c,2998,Nikon,1x,1,CGN10497,VB11,,Base,2of2,External,Timo,d,c
2999_CGN10497_VB11__2of2_Timo_1x1_l_c,2999,Nikon,1x,1,CGN10497,VB11,,Base,2of2,External,Timo,l,c
3001_CGN10497_VB7__1of2_Timo_1x1_d_c,3001,Nikon,1x,1,CGN10497,VB7,,Mid,1of2,External,Timo,d,c
3002_CGN10497_VB7__1of2_Timo_1x1_l_c,3002,Nikon,1x,1,CGN10497,VB7,,Mid,1of2,External,Timo,l,c
3004_CGN10497_VB7__2of2_Timo_1x1_d_c,3004,Nikon,1x,1,CGN10497,VB7,,Mid,2of2,External,Timo,d,c
3005_CGN10497_VB7__2of2_Timo_1x1_l_c,3005,Nikon,1x,1,CGN10497,VB7,,Mid,2of2,External,Timo,l,c
3007_CGN10497_VB7__1of2_Timo_1x1_d_c,3007,Nikon,1x,1,CGN10497,VB7,,Mid,1of2,External,Timo,d,c
3008_CGN10497_VB7__1of2_Timo_1x1_l_c,3008,Nikon,1x,1,CGN10497,VB7,,Mid,1of2,External,Timo,l,c
3010_CGN10497_VB7__2of2_Timo_1x1_d_c,3010,Nikon,1x,1,CGN10497,VB7,,Mid,2of2,External,Timo,d,c
3011_CGN10497_VB7__2of2_Timo_1x1_l_c,3011,Nikon,1x,1,CGN10497,VB7,,Mid,2of2,External,Timo,l,c
3013_CGN10497_VB7__1of2_Timo_1x1_d_c,3013,Nikon,1x,1,CGN10497,VB7,,Mid,1of2,External,Timo,d,c
3014_CGN10497_VB7__1of2_Timo_1x1_l_c,3014,Nikon,1x,1,CGN10497,VB7,,Mid,1of2,External,Timo,l,c
3016_CGN10497_VB7__2of2_Timo_1x1_d_c,3016,Nikon,1x,1,CGN10497,VB7,,Mid,2of2,External,Timo,d,c
3017_CGN10497_VB7__2of2_Timo_1x1_l_c,3017,Nikon,1x,1,CGN10497,VB7,,Mid,2of2,External,Timo,l,c
3019_CGN10497_VB7__1of2_Timo_1x1_d_c,3019,Nikon,1x,1,CGN10497,VB7,,Mid,1of2,External,Timo,d,c
3020_CGN10497_VB7__1of2_Timo_1x1_l_c,3020,Nikon,1x,1,CGN10497,VB7,,Mid,1of2,External,Timo,l,c
3022_CGN10497_VB7__2of2_Timo_1x1_d_c,3022,Nikon,1x,1,CGN10497,VB7,,Mid,2of2,External,Timo,d,c
3023_CGN10497_VB7__2of2_Timo_1x1_l_c,3023,Nikon,1x,1,CGN10497,VB7,,Mid,2of2,External,Timo,l,c
3025_CGN10497_VB8__2of2_Timo_1x1_d_c,3025,Nikon,1x,1,CGN10497,VB8,,Mid,2of2,External,Timo,d,c
3026_CGN10497_VB8__2of2_Timo_1x1_l_c,3026,Nikon,1x,1,CGN10497,VB8,,Mid,2of2,External,Timo,l,c
3028_CGN10497_-__1of2_Timo_1x1_d_c,3028,Nikon,1x,1,CGN10497,-,,Top,1of2,External,Timo,d,c
3029_CGN10497_-__1of2_Timo_1x1_l_c,3029,Nikon,1x,1,CGN10497,-,,Top,1of2,External,Timo,l,c
3031_CGN10497_-__2of2_Timo_1x1_d_c,3031,Nikon,1x,1,CGN10497,-,,Top,2of2,External,Timo,d,c
3032_CGN10497_-__2of2_Timo_1x1_l_c,3032,Nikon,1x,1,CGN10497,-,,Top,2of2,External,Timo,l,c
3034_CGN10497_-__1of1_Timo_1x1_d_c,3034,Nikon,1x,1,CGN10497,-,,Top,1of1,Solo,Timo,d,c
3035_CGN10497_-__1of1_Timo_1x1_l_c,3035,Nikon,1x,1,CGN10497,-,,Top,1of1,Solo,Timo,l,c
3037_CGN10497_-__1of1_Timo_1x1_d_c,3037,Nikon,1x,1,CGN10497,-,,Top,1of1,Solo,Timo,d,c
3038_CGN10497_-__1of1_Timo_1x1_l_c,3038,Nikon,1x,1,CGN10497,-,,Top,1of1,Solo,Timo,l,c
3040_CGN10497_VB2__1of1_Timo_1x1_d_c,3040,Nikon,1x,1,CGN10497,VB2,,Top,1of1,Solo,Timo,d,c
3041_CGN10497_VB2__1of1_Timo_1x1_l_c,3041,Nikon,1x,1,CGN10497,VB2,,Top,1of1,Solo,Timo,l,c
3043_CGN10497_VB2__1of1_Timo_1x1_d_c,3043,Nikon,1x,1,CGN10497,VB2,,Top,1of1,Solo,Timo,d,c
3044_CGN10497_VB2__1of1_Timo_1x1_l_c,3044,Nikon,1x,1,CGN10497,VB2,,Top,1of1,Solo,Timo,l,c
3046_CGN10497_VB3__1of1_Timo_1x1_d_c,3046,Nikon,1x,1,CGN10497,VB3,,Top,1of1,Solo,Timo,d,c
3047_CGN10497_VB3__1of1_Timo_1x1_l_c,3047,Nikon,1x,1,CGN10497,VB3,,Top,1of1,Solo,Timo,l,c
3049_CGN10497_VB4__1of2_Timo_1x1_d_c,3049,Nikon,1x,1,CGN10497,VB4,,Top,1of2,External,Timo,d,c
3050_CGN10497_VB4__1of2_Timo_1x1_l_c,3050,Nikon,1x,1,CGN10497,VB4,,Top,1of2,External,Timo,l,c
3052_CGN10497_VB4__2of2_Timo_1x1_d_c,3052,Nikon,1x,1,CGN10497,VB4,,Top,2of2,External,Timo,d,c
3053_CGN10497_VB4__2of2_Timo_1x1_l_c,3053,Nikon,1x,1,CGN10497,VB4,,Top,2of2,External,Timo,l,c
4043_TRI677_D_R1_1of2_Timo_1x1_d_glm,4043,Nikon,1x,1,TRI677,D,R1,Base,1of2,External,Timo,d,glm
4044_TRI677_D_R1_1of2_Timo_1x1_l_glm,4044,Nikon,1x,1,TRI677,D,R1,Base,1of2,External,Timo,l,glm
4045_TRI677_D_R1_2of2_Timo_1x1_d_glm,4045,Nikon,1x,1,TRI677,D,R1,Base,2of2,External,Timo,d,glm
4046_TRI677_D_R1_2of2_Timo_1x1_l_glm,4046,Nikon,1x,1,TRI677,D,R1,Base,2of2,External,Timo,l,glm
4047_TRI677_D_R2_1of2_Timo_1x1_d_glm,4047,Nikon,1x,1,TRI677,D,R2,Base,1of2,External,Timo,d,glm
4048_TRI677_D_R2_1of2_Timo_1x1_l_glm,4048,Nikon,1x,1,TRI677,D,R2,Base,1of2,External,Timo,l,glm
4049_TRI677_D_R8_1of2_Timo_1x1_d_glm,4049,Nikon,1x,1,TRI677,D,R8,Mid,1of2,External,Timo,d,glm
4050_TRI677_D_R8_1of2_Timo_1x1_l_glm,4050,Nikon,1x,1,TRI677,D,R8,Mid,1of2,External,Timo,l,glm
4051_TRI677_D_R8_2of2_Timo_1x1_d_glm,4051,Nikon,1x,1,TRI677,D,R8,Mid,2of2,External,Timo,d,glm
4052_TRI677_D_R8_2of2_Timo_1x1_l_glm,4052,Nikon,1x,1,TRI677,D,R8,Mid,2of2,External,Timo,l,glm
4053_TRI677_D_R9_2of2_Timo_1x1_d_glm,4053,Nikon,1x,1,TRI677,D,R9,Mid,2of2,External,Timo,d,glm
4054_TRI677_D_R9_2of2_Timo_1x1_l_glm,4054,Nikon,1x,1,TRI677,D,R9,Mid,2of2,External,Timo,l,glm
4055_TRI677_D_R16_1of1_Timo_1x1_d_glm,4055,Nikon,1x,1,TRI677,D,R16,Top,1of1,Solo,Timo,d,glm
4056_TRI677_D_R16_1of1_Timo_1x1_l_glm,4056,Nikon,1x,1,TRI677,D,R16,Top,1of1,Solo,Timo,l,glm
4057_TRI677_D_R15_1of2_Timo_1x1_d_glm,4057,Nikon,1x,1,TRI677,D,R15,Top,1of2,External,Timo,d,glm
4058_TRI677_D_R15_1of2_Timo_1x1_l_glm,4058,Nikon,1x,1,TRI677,D,R15,Top,1of2,External,Timo,l,glm
4059_TRI677_D_R15_2of2_Timo_1x1_d_glm,4059,Nikon,1x,1,TRI677,D,R15,Top,2of2,External,Timo,d,glm
4060_TRI677_D_R15_2of2_Timo_1x1_l_glm,4060,Nikon,1x,1,TRI677,D,R15,Top,2of2,External,Timo,l,glm
4061_TRI677_E_R1_1of1_Timo_1x1_d_glm,4061,Nikon,1x,1,TRI677,E,R1,Base,1of1,Solo,Timo,d,glm
4062_TRI677_E_R1_1of1_Timo_1x1_l_glm,4062,Nikon,1x,1,TRI677,E,R1,Base,1of1,Solo,Timo,l,glm
4063_TRI677_E_R2_1of2_Timo_1x1_d_glm,4063,Nikon,1x,1,TRI677,E,R2,Base,1of2,External,Timo,d,glm
4064_TRI677_E_R2_1of2_Timo_1x1_l_glm,4064,Nikon,1x,1,TRI677,E,R2,Base,1of2,External,Timo,l,glm
4065_TRI677_E_R2_2of2_Timo_1x1_d_glm,4065,Nikon,1x,1,TRI677,E,R2,Base,2of2,External,Timo,d,glm
4066_TRI677_E_R2_2of2_Timo_1x1_l_glm,4066,Nikon,1x,1,TRI677,E,R2,Base,2of2,External,Timo,l,glm
4067_TRI677_E_R7_1of2_Timo_1x1_d_glm,4067,Nikon,1x,1,TRI677,E,R7,Mid,1of2,External,Timo,d,glm
4068_TRI677_E_R7_1of2_Timo_1x1_l_glm,4068,Nikon,1x,1,TRI677,E,R7,Mid,1of2,External,Timo,l,glm
4069_TRI677_E_R7_2of2_Timo_1x1_d_glm,4069,Nikon,1x,1,TRI677,E,R7,Mid,2of2,External,Timo,d,glm
4070_TRI677_E_R7_2of2_Timo_1x1_l_glm,4070,Nikon,1x,1,TRI677,E,R7,Mid,2of2,External,Timo,l,glm
4071_TRI677_E_R8_1of2_Timo_1x1_d_glm,4071,Nikon,1x,1,TRI677,E,R8,Mid,1of2,External,Timo,d,glm
4072_TRI677_E_R8_1of2_Timo_1x1_l_glm,4072,Nikon,1x,1,TRI677,E,R8,Mid,1of2,External,Timo,l,glm
4073_TRI677_E_R13_1of2_Timo_1x1_d_glm,4073,Nikon,1x,1,TRI677,E,R13,Top,1of2,External,Timo,d,glm
4074_TRI677_E_R13_1of2_Timo_1x1_l_glm,4074,Nikon,1x,1,TRI677,E,R13,Top,1of2,External,Timo,l,glm
4075_TRI677_E_R13_2of2_Timo_1x1_d_glm,4075,Nikon,1x,1,TRI677,E,R13,Top,2of2,External,Timo,d,glm
4076_TRI677_E_R13_2of2_Timo_1x1_l_glm,4076,Nikon,1x,1,TRI677,E,R13,Top,2of2,External,Timo,l,glm
4077_TRI677_E_R12_1of2_Timo_1x1_d_glm,4077,Nikon,1x,1,TRI677,E,R12,Top,1of2,External,Timo,d,glm
4078_TRI677_E_R12_1of2_Timo_1x1_l_glm,4078,Nikon,1x,1,TRI677,E,R12,Top,1of2,External,Timo,l,glm
4079_TRI677_F_R1_1of2_Timo_1x1_d_glm,4079,Nikon,1x,1,TRI677,F,R1,Base,1of2,External,Timo,d,glm
4080_TRI677_F_R1_1of2_Timo_1x1_l_glm,4080,Nikon,1x,1,TRI677,F,R1,Base,1of2,External,Timo,l,glm
4081_TRI677_F_R1_2of2_Timo_1x1_d_glm,4081,Nikon,1x,1,TRI677,F,R1,Base,2of2,External,Timo,d,glm
4082_TRI677_F_R1_2of2_Timo_1x1_l_glm,4082,Nikon,1x,1,TRI677,F,R1,Base,2of2,External,Timo,l,glm
4083_TRI677_F_R2_2of2_Timo_1x1_d_glm,4083,Nikon,1x,1,TRI677,F,R2,Base,2of2,External,Timo,d,glm
4084_TRI677_F_R2_2of2_Timo_1x1_l_glm,4084,Nikon,1x,1,TRI677,F,R2,Base,2of2,External,Timo,l,glm
4085_TRI677_F_R8_1of2_Timo_1x1_d_glm,4085,Nikon,1x,1,TRI677,F,R8,Mid,1of2,External,Timo,d,glm
4086_TRI677_F_R8_1of2_Timo_1x1_l_glm,4086,Nikon,1x,1,TRI677,F,R8,Mid,1of2,External,Timo,l,glm
4087_TRI677_F_R8_2of2_Timo_1x1_d_glm,4087,Nikon,1x,1,TRI677,F,R8,Mid,2of2,External,Timo,d,glm
4088_TRI677_F_R8_2of2_Timo_1x1_l_glm,4088,Nikon,1x,1,TRI677,F,R8,Mid,2of2,External,Timo,l,glm
4089_TRI677_F_R9_1of2_Timo_1x1_d_glm,4089,Nikon,1x,1,TRI677,F,R9,Mid,1of2,External,Timo,d,glm
4090_TRI677_F_R9_1of2_Timo_1x1_l_glm,4090,Nikon,1x,1,TRI677,F,R9,Mid,1of2,External,Timo,l,glm
4091_TRI677_F_R15_1of1_Timo_1x1_d_glm,4091,Nikon,1x,1,TRI677,F,R15,Top,1of1,Solo,Timo,d,glm
4092_TRI677_F_R15_1of1_Timo_1x1_l_glm,4092,Nikon,1x,1,TRI677,F,R15,Top,1of1,Solo,Timo,l,glm
4093_TRI677_F_R14_1of2_Timo_1x1_d_glm,4093,Nikon,1x,1,TRI677,F,R14,Top,1of2,External,Timo,d,glm
4094_TRI677_F_R14_1of2_Timo_1x1_l_glm,4094,Nikon,1x,1,TRI677,F,R14,Top,1of2,External,Timo,l,glm
4095_TRI677_F_R14_2of2_Timo_1x1_d_glm,4095,Nikon,1x,1,TRI677,F,R14,Top,2of2,External,Timo,d,glm
4096_TRI677_F_R14_2of2_Timo_1x1_l_glm,4096,Nikon,1x,1,TRI677,F,R14,Top,2of2,External,Timo,l,glm
7081_TRI11509_VB8_Mid_1of2_Tara_1x1_d_c,7081,Nikon,1x,1,TRI11509,VB8,,Mid,1of2,External,Tara,d,c
7082_TRI11509_VB8_Mid_1of2_Tara_1x1_l_c,7082,Nikon,1x,1,TRI11509,VB8,,Mid,1of2,External,Tara,l,c
7084_TRI11509_VB8_Mid_2of2_Tara_1x1_d_c,7084,Nikon,1x,1,TRI11509,VB8,,Mid,2of2,External,Tara,d,c
7085_TRI11509_VB8_Mid_2of2_Tara_1x1_l_c,7085,Nikon,1x,1,TRI11509,VB8,,Mid,2of2,External,Tara,l,c
7087_TRI11509_VB8_Mid_1of2_Tara_1x1_d_c,7087,Nikon,1x,1,TRI11509,VB8,,Mid,1of2,External,Tara,d,c
7088_TRI11509_VB8_Mid_1of2_Tara_1x1_l_c,7088,Nikon,1x,1,TRI11509,VB8,,Mid,1of2,External,Tara,l,c
7090_TRI11509_VB8_Mid_2of2_Tara_1x1_d_c,7090,Nikon,1x,1,TRI11509,VB8,,Mid,2of2,External,Tara,d,c
7091_TRI11509_VB8_Mid_2of2_Tara_1x1_l_c,7091,Nikon,1x,1,TRI11509,VB8,,Mid,2of2,External,Tara,l,c
7093_TRI11509_VB8_Mid_1of2_Tara_1x1_d_c,7093,Nikon,1x,1,TRI11509,VB8,,Mid,1of2,External,Tara,d,c
7094_TRI11509_VB8_Mid_1of2_Tara_1x1_l_c,7094,Nikon,1x,1,TRI11509,VB8,,Mid,1of2,External,Tara,l,c
7096_TRI11509_VB8_Mid_2of2_Tara_1x1_d_c,7096,Nikon,1x,1,TRI11509,VB8,,Mid,2of2,External,Tara,d,c
7097_TRI11509_VB8_Mid_2of2_Tara_1x1_l_c,7097,Nikon,1x,1,TRI11509,VB8,,Mid,2of2,External,Tara,l,c
7099_TRI11509_VB7_Mid_1of2_Tara_1x1_d_c,7099,Nikon,1x,1,TRI11509,VB7,,Mid,1of2,External,Tara,d,c
7100_TRI11509_VB7_Mid_1of2_Tara_1x1_l_c,7100,Nikon,1x,1,TRI11509,VB7,,Mid,1of2,External,Tara,l,c
7102_TRI11509_VB7_Mid_2of2_Tara_1x1_d_c,7102,Nikon,1x,1,TRI11509,VB7,,Mid,2of2,External,Tara,d,c
7103_TRI11509_VB7_Mid_2of2_Tara_1x1_l_c,7103,Nikon,1x,1,TRI11509,VB7,,Mid,2of2,External,Tara,l,c
7105_TRI11509_VB7_Mid_1of2_Tara_1x1_d_c,7105,Nikon,1x,1,TRI11509,VB7,,Mid,1of2,External,Tara,d,c
7106_TRI11509_VB7_Mid_1of2_Tara_1x1_l_c,7106,Nikon,1x,1,TRI11509,VB7,,Mid,1of2,External,Tara,l,c
7117_TRI11509_-_Base_1of2_Tara_1x1_d_c,7117,Nikon,1x,1,TRI11509,,,Base,1of2,External,Tara,d,c
7118_TRI11509_-_Base_1of2_Tara_1x1_l_c,7118,Nikon,1x,1,TRI11509,,,Base,1of2,External,Tara,l,c
7120_TRI11509_-_Base_2of2_Tara_1x1_d_c,7120,Nikon,1x,1,TRI11509,,,Base,2of2,External,Tara,d,c
7121_TRI11509_-_Base_2of2_Tara_1x1_l_c,7121,Nikon,1x,1,TRI11509,,,Base,2of2,External,Tara,l,c
7123_TRI11509_-_Base_1of2_Tara_1x1_d_c,7123,Nikon,1x,1,TRI11509,,,Base,1of2,External,Tara,d,c
7124_TRI11509_-_Base_1of2_Tara_1x1_l_c,7124,Nikon,1x,1,TRI11509,,,Base,1of2,External,Tara,l,c
7126_TRI11509_-_Base_2of2_Tara_1x1_d_c,7126,Nikon,1x,1,TRI11509,,,Base,2of2,External,Tara,d,c
7127_TRI11509_-_Base_2of2_Tara_1x1_l_c,7127,Nikon,1x,1,TRI11509,,,Base,2of2,External,Tara,l,c
7129_TRI11509_-_Base_1of2_Tara_1x1_d_c,7129,Nikon,1x,1,TRI11509,,,Base,1of2,External,Tara,d,c
7130_TRI11509_-_Base_1of2_Tara_1x1_l_c,7130,Nikon,1x,1,TRI11509,,,Base,1of2,External,Tara,l,c
7132_TRI11509_-_Base_2of2_Tara_1x1_d_c,7132,Nikon,1x,1,TRI11509,,,Base,2of2,External,Tara,d,c
7133_TRI11509_-_Base_2of2_Tara_1x1_l_c,7133,Nikon,1x,1,TRI11509,,,Base,2of2,External,Tara,l,c
7135_TRI11509_VB13_Base_1of2_Tara_1x1_d_c,7135,Nikon,1x,1,TRI11509,VB13,,Base,1of2,External,Tara,d,c
7136_TRI11509_VB13_Base_1of2_Tara_1x1_l_c,7136,Nikon,1x,1,TRI11509,VB13,,Base,1of2,External,Tara,l,c
7138_TRI11509_VB13_Base_2of2_Tara_1x1_d_c,7138,Nikon,1x,1,TRI11509,VB13,,Base,2of2,External,Tara,d,c
7139_TRI11509_VB13_Base_2of2_Tara_1x1_l_c,7139,Nikon,1x,1,TRI11509,VB13,,Base,2of2,External,Tara,l,c
7141_TRI11509_VB12_Base_1of2_Tara_1x1_d_c,7141,Nikon,1x,1,TRI11509,VB12,,Base,1of2,External,Tara,d,c
7142_TRI11509_VB12_Base_1of2_Tara_1x1_l_c,7142,Nikon,1x,1,TRI11509,VB12,,Base,1of2,External,Tara,l,c
7144_TRI11509_VB3_Top_1of2_Tara_1x1_d_c,7144,Nikon,1x,1,TRI11509,VB3,,Top,1of2,External,Tara,d,c
7145_TRI11509_VB3_Top_1of2_Tara_1x1_l_c,7145,Nikon,1x,1,TRI11509,VB3,,Top,1of2,External,Tara,l,c
7147_TRI11509_VB3_Top_2of2_Tara_1x1_d_c,7147,Nikon,1x,1,TRI11509,VB3,,Top,2of2,External,Tara,d,c
7148_TRI11509_VB3_Top_2of2_Tara_1x1_l_c,7148,Nikon,1x,1,TRI11509,VB3,,Top,2of2,External,Tara,l,c
7150_TRI11509_VB4_Top_1of1_Tara_1x1_d_c,7150,Nikon,1x,1,TRI11509,VB4,,Top,1of1,Solo,Tara,d,c
7151_TRI11509_VB4_Top_1of1_Tara_1x1_l_c,7151,Nikon,1x,1,TRI11509,VB4,,Top,1of1,Solo,Tara,l,c
7153_TRI11509_VB4_Top_1of2_Tara_1x1_d_c,7153,Nikon,1x,1,TRI11509,VB4,,Top,1of2,External,Tara,d,c
7154_TRI11509_VB4_Top_1of2_Tara_1x1_l_c,7154,Nikon,1x,1,TRI11509,VB4,,Top,1of2,External,Tara,l,c
7156_TRI11509_VB4_Top_2of2_Tara_1x1_d_c,7156,Nikon,1x,1,TRI11509,VB4,,Top,2of2,External,Tara,d,c
7157_TRI11509_VB4_Top_2of2_Tara_1x1_l_c,7157,Nikon,1x,1,TRI11509,VB4,,Top,2of2,External,Tara,l,c
7159_TRI11509_VB4_Top_1of2_Tara_1x1_d_c,7159,Nikon,1x,1,TRI11509,VB4,,Top,1of2,External,Tara,d,c
7160_TRI11509_VB4_Top_1of2_Tara_1x1_l_c,7160,Nikon,1x,1,TRI11509,VB4,,Top,1of2,External,Tara,l,c
7243_TRI11509_-_Top_1of1_Tara_1x1_d_c,7243,Nikon,1x,1,TRI11509,,,Top,1of1,Solo,Tara,d,c
7244_TRI11509_-_Top_1of1_Tara_1x1_l_c,7244,Nikon,1x,1,TRI11509,,,Top,1of1,Solo,Tara,l,c
7246_TRI11509_-_Top_1of1_Tara_1x1_d_c,7246,Nikon,1x,1,TRI11509,,,Top,1of1,Solo,Tara,d,c
7247_TRI11509_-_Top_1of1_Tara_1x1_l_c,7247,Nikon,1x,1,TRI11509,,,Top,1of1,Solo,Tara,l,c
7249_TRI11509_-_Top_1of2_Tara_1x1_d_c,7249,Nikon,1x,1,TRI11509,,,Top,1of2,External,Tara,d,c
7250_TRI11509_-_Top_1of2_Tara_1x1_l_c,7250,Nikon,1x,1,TRI11509,,,Top,1of2,External,Tara,l,c
7252_T1150001_-_Base_1of1_Tara_1x1_d_c,7252,Nikon,1x,1,T1150001,,,Base,1of1,Solo,Tara,d,c
7253_T1150001_-_Base_1of1_Tara_1x1_l_c,7253,Nikon,1x,1,T1150001,,,Base,1of1,Solo,Tara,l,c
7255_T1150001_-_Base_1of1_Tara_1x1_d_c,7255,Nikon,1x,1,T1150001,,,Base,1of1,Solo,Tara,d,c
7256_T1150001_-_Base_1of1_Tara_1x1_l_c,7256,Nikon,1x,1,T1150001,,,Base,1of1,Solo,Tara,l,c
7258_T1150001_VB13_Base_1of1_Tara_1x1_d_c,7258,Nikon,1x,1,T1150001,VB13,,Base,1of1,Solo,Tara,d,c
7259_T1150001_VB13_Base_1of1_Tara_1x1_l_c,7259,Nikon,1x,1,T1150001,VB13,,Base,1of1,Solo,Tara,l,c
7261_T1150001_VB13_Base_2of2_Tara_1x1_d_c,7261,Nikon,1x,1,T1150001,VB13,,Base,2of2,External,Tara,d,c
7262_T1150001_VB13_Base_2of2_Tara_1x1_l_c,7262,Nikon,1x,1,T1150001,VB13,,Base,2of2,External,Tara,l,c
7264_T1150001_VB12_Base_1of2_Tara_1x1_d_c,7264,Nikon,1x,1,T1150001,VB12,,Base,1of2,External,Tara,d,c
7265_T1150001_VB12_Base_1of2_Tara_1x1_l_c,7265,Nikon,1x,1,T1150001,VB12,,Base,1of2,External,Tara,l,c
7267_T1150001_VB12_Base_2of2_Tara_1x1_d_c,7267,Nikon,1x,1,T1150001,VB12,,Base,2of2,External,Tara,d,c
7268_T1150001_VB12_Base_2of2_Tara_1x1_l_c,7268,Nikon,1x,1,T1150001,VB12,,Base,2of2,External,Tara,l,c
7270_T1150001_VB12_Base_1of2_Tara_1x1_d_c,7270,Nikon,1x,1,T1150001,VB12,,Base,1of2,External,Tara,d,c
7271_T1150001_VB12_Base_1of2_Tara_1x1_l_c,7271,Nikon,1x,1,T1150001,VB12,,Base,1of2,External,Tara,l,c
7273_T1150001_VB12_Base_2of2_Tara_1x1_d_c,7273,Nikon,1x,1,T1150001,VB12,,Base,2of2,External,Tara,d,c
7274_T1150001_VB12_Base_2of2_Tara_1x1_l_c,7274,Nikon,1x,1,T1150001,VB12,,Base,2of2,External,Tara,l,c
7276_T1150001_VB12_Base_2of2_Tara_1x1_d_c,7276,Nikon,1x,1,T1150001,VB12,,Base,2of2,External,Tara,d,c
7277_T1150001_VB12_Base_2of2_Tara_1x1_l_c,7277,Nikon,1x,1,T1150001,VB12,,Base,2of2,External,Tara,l,c
7279_T1150001_VB8_Mid_1of2_Tara_1x1_d_c,7279,Nikon,1x,1,T1150001,VB8,,Mid,1of2,External,Tara,d,c
7280_T1150001_VB8_Mid_1of2_Tara_1x1_l_c,7280,Nikon,1x,1,T1150001,VB8,,Mid,1of2,External,Tara,l,c
7282_T1150001_VB8_Mid_2of2_Tara_1x1_d_c,7282,Nikon,1x,1,T1150001,VB8,,Mid,2of2,External,Tara,d,c
7283_T1150001_VB8_Mid_2of2_Tara_1x1_l_c,7283,Nikon,1x,1,T1150001,VB8,,Mid,2of2,External,Tara,l,c
7285_T1150001_VB7_Mid_1of2_Tara_1x1_d_c,7285,Nikon,1x,1,T1150001,VB7,,Mid,1of2,External,Tara,d,c
7286_T1150001_VB7_Mid_1of2_Tara_1x1_l_c,7286,Nikon,1x,1,T1150001,VB7,,Mid,1of2,External,Tara,l,c
7288_T1150001_VB7_Mid_2of2_Tara_1x1_d_c,7288,Nikon,1x,1,T1150001,VB7,,Mid,2of2,External,Tara,d,c
7289_T1150001_VB7_Mid_2of2_Tara_1x1_l_c,7289,Nikon,1x,1,T1150001,VB7,,Mid,2of2,External,Tara,l,c
7291_T1150001_VB7_Mid_1of2_Tara_1x1_d_c,7291,Nikon,1x,1,T1150001,VB7,,Mid,1of2,External,Tara,d,c
7292_T1150001_VB7_Mid_1of2_Tara_1x1_l_c,7292,Nikon,1x,1,T1150001,VB7,,Mid,1of2,External,Tara,l,c
7294_T1150001_VB7_Mid_2of2_Tara_1x1_d_c,7294,Nikon,1x,1,T1150001,VB7,,Mid,2of2,External,Tara,d,c
7295_T1150001_VB7_Mid_2of2_Tara_1x1_l_c,7295,Nikon,1x,1,T1150001,VB7,,Mid,2of2,External,Tara,l,c
7297_T1150001_VB9_Mid_1of2_Tara_1x1_d_c,7297,Nikon,1x,1,T1150001,VB9,,Mid,1of2,External,Tara,d,c
7298_T1150001_VB9_Mid_1of2_Tara_1x1_l_c,7298,Nikon,1x,1,T1150001,VB9,,Mid,1of2,External,Tara,l,c
7300_T1150001_VB9_Mid_2of2_Tara_1x1_d_c,7300,Nikon,1x,1,T1150001,VB9,,Mid,2of2,External,Tara,d,c
7301_T1150001_VB9_Mid_2of2_Tara_1x1_l_c,7301,Nikon,1x,1,T1150001,VB9,,Mid,2of2,External,Tara,l,c
7303_T1150001_VB9_Mid_2of2_Tara_1x1_d_c,7303,Nikon,1x,1,T1150001,VB9,,Mid,2of2,External,Tara,d,c
7304_T1150001_VB9_Mid_2of2_Tara_1x1_l_c,7304,Nikon,1x,1,T1150001,VB9,,Mid,2of2,External,Tara,l,c
7306_T1150001_-_Top_1of1_Tara_1x1_d_c,7306,Nikon,1x,1,T1150001,,,Top,1of1,Solo,Tara,d,c
7307_T1150001_-_Top_1of1_Tara_1x1_l_c,7307,Nikon,1x,1,T1150001,,,Top,1of1,Solo,Tara,l,c
7309_T1150001_VB3_Top_1of1_Tara_1x1_d_c,7309,Nikon,1x,1,T1150001,VB3,,Top,1of1,Solo,Tara,d,c
7310_T1150001_VB3_Top_1of1_Tara_1x1_l_c,7310,Nikon,1x,1,T1150001,VB3,,Top,1of1,Solo,Tara,l,c
7312_T1150001_VB3_Top_1of2_Tara_1x1_d_c,7312,Nikon,1x,1,T1150001,VB3,,Top,1of2,External,Tara,d,c
7313_T1150001_VB3_Top_1of2_Tara_1x1_l_c,7313,Nikon,1x,1,T1150001,VB3,,Top,1of2,External,Tara,l,c
7315_T1150001_VB3_Top_2of2_Tara_1x1_d_c,7315,Nikon,1x,1,T1150001,VB3,,Top,2of2,External,Tara,d,c
7316_T1150001_VB3_Top_2of2_Tara_1x1_l_c,7316,Nikon,1x,1,T1150001,VB3,,Top,2of2,External,Tara,l,c
7318_T1150001_VB5_Top_1of2_Tara_1x1_d_c,7318,Nikon,1x,1,T1150001,VB5,,Top,1of2,External,Tara,d,c
7319_T1150001_VB5_Top_1of2_Tara_1x1_l_c,7319,Nikon,1x,1,T1150001,VB5,,Top,1of2,External,Tara,l,c
7321_T1150001_VB5_Top_2of2_Tara_1x1_d_c,7321,Nikon,1x,1,T1150001,VB5,,Top,2of2,External,Tara,d,c
7322_T1150001_VB5_Top_2of2_Tara_1x1_l_c,7322,Nikon,1x,1,T1150001,VB5,,Top,2of2,External,Tara,l,c
7324_T1150001_VB5_Top_1of2_Tara_1x1_d_c,7324,Nikon,1x,1,T1150001,VB5,,Top,1of2,External,Tara,d,c
7325_T1150001_VB5_Top_1of2_Tara_1x1_l_c,7325,Nikon,1x,1,T1150001,VB5,,Top,1of2,External,Tara,l,c
7327_T1150001_VB5_Top_2of2_Tara_1x1_d_c,7327,Nikon,1x,1,T1150001,VB5,,Top,2of2,External,Tara,d,c
7328_T1150001_VB5_Top_2of2_Tara_1x1_l_c,7328,Nikon,1x,1,T1150001,VB5,,Top,2of2,External,Tara,l,c
7330_T1150001_VB5_Top_1of1_Tara_1x1_d_c,7330,Nikon,1x,1,T1150001,VB5,,Top,1of1,Solo,Tara,d,c
7331_T1150001_VB5_Top_1of1_Tara_1x1_l_c,7331,Nikon,1x,1,T1150001,VB5,,Top,1of1,Solo,Tara,l,c
7414_T1150003_VB12_Base_1of2_Tara_1x1_d_c,7414,Nikon,1x,1,T1150003,VB12,,Base,1of2,External,Tara,d,c
7415_T1150003_VB12_Base_1of2_Tara_1x1_l_c,7415,Nikon,1x,1,T1150003,VB12,,Base,1of2,External,Tara,l,c
7417_T1150003_VB12_Base_2of2_Tara_1x1_d_c,7417,Nikon,1x,1,T1150003,VB12,,Base,2of2,External,Tara,d,c
7418_T1150003_VB12_Base_2of2_Tara_1x1_l_c,7418,Nikon,1x,1,T1150003,VB12,,Base,2of2,External,Tara,l,c
7420_T1150003_VB12_Base_1of2_Tara_1x1_d_c,7420,Nikon,1x,1,T1150003,VB12,,Base,1of2,External,Tara,d,c
7421_T1150003_VB12_Base_1of2_Tara_1x1_l_c,7421,Nikon,1x,1,T1150003,VB12,,Base,1of2,External,Tara,l,c
7423_T1150003_VB12_Base_2of2_Tara_1x1_d_c,7423,Nikon,1x,1,T1150003,VB12,,Base,2of2,External,Tara,d,c
7424_T1150003_VB12_Base_2of2_Tara_1x1_l_c,7424,Nikon,1x,1,T1150003,VB12,,Base,2of2,External,Tara,l,c
7426_T1150003_VB11_Base_1of2_Tara_1x1_d_c,7426,Nikon,1x,1,T1150003,VB11,,Base,1of2,External,Tara,d,c
7427_T1150003_VB11_Base_1of2_Tara_1x1_l_c,7427,Nikon,1x,1,T1150003,VB11,,Base,1of2,External,Tara,l,c
7429_T1150003_VB11_Base_2of2_Tara_1x1_d_c,7429,Nikon,1x,1,T1150003,VB11,,Base,2of2,External,Tara,d,c
7430_T1150003_VB11_Base_2of2_Tara_1x1_l_c,7430,Nikon,1x,1,T1150003,VB11,,Base,2of2,External,Tara,l,c
7432_T1150003_VB10_Base_1of2_Tara_1x1_d_c,7432,Nikon,1x,1,T1150003,VB10,,Base,1of2,External,Tara,d,c
7433_T1150003_VB10_Base_1of2_Tara_1x1_l_c,7433,Nikon,1x,1,T1150003,VB10,,Base,1of2,External,Tara,l,c
7435_T1150003_VB10_Base_2of2_Tara_1x1_d_c,7435,Nikon,1x,1,T1150003,VB10,,Base,2of2,External,Tara,d,c
7436_T1150003_VB10_Base_2of2_Tara_1x1_l_c,7436,Nikon,1x,1,T1150003,VB10,,Base,2of2,External,Tara,l,c
7438_T1150003_VB10_Base_1of2_Tara_1x1_d_c,7438,Nikon,1x,1,T1150003,VB10,,Base,1of2,External,Tara,d,c
7439_T1150003_VB10_Base_1of2_Tara_1x1_l_c,7439,Nikon,1x,1,T1150003,VB10,,Base,1of2,External,Tara,l,c
7441_T1150003_VB7_Mid_1of2_Tara_1x1_d_c,7441,Nikon,1x,1,T1150003,VB7,,Mid,1of2,External,Tara,d,c
7442_T1150003_VB7_Mid_1of2_Tara_1x1_l_c,7442,Nikon,1x,1,T1150003,VB7,,Mid,1of2,External,Tara,l,c
7444_T1150003_VB7_Mid_2of2_Tara_1x1_d_c,7444,Nikon,1x,1,T1150003,VB7,,Mid,2of2,External,Tara,d,c
7445_T1150003_VB7_Mid_2of2_Tara_1x1_l_c,7445,Nikon,1x,1,T1150003,VB7,,Mid,2of2,External,Tara,l,c
7447_T1150003_VB7_Mid_1of2_Tara_1x1_d_c,7447,Nikon,1x,1,T1150003,VB7,,Mid,1of2,External,Tara,d,c
7448_T1150003_VB7_Mid_1of2_Tara_1x1_l_c,7448,Nikon,1x,1,T1150003,VB7,,Mid,1of2,External,Tara,l,c
7450_T1150003_VB7_Mid_2of2_Tara_1x1_d_c,7450,Nikon,1x,1,T1150003,VB7,,Mid,2of2,External,Tara,d,c
7451_T1150003_VB7_Mid_2of2_Tara_1x1_l_c,7451,Nikon,1x,1,T1150003,VB7,,Mid,2of2,External,Tara,l,c
7453_T1150003_VB7_Mid_1of2_Tara_1x1_d_c,7453,Nikon,1x,1,T1150003,VB7,,Mid,1of2,External,Tara,d,c
7454_T1150003_VB7_Mid_1of2_Tara_1x1_l_c,7454,Nikon,1x,1,T1150003,VB7,,Mid,1of2,External,Tara,l,c
7456_T1150003_VB7_Mid_2of2_Tara_1x1_d_c,7456,Nikon,1x,1,T1150003,VB7,,Mid,2of2,External,Tara,d,c
7457_T1150003_VB7_Mid_2of2_Tara_1x1_l_c,7457,Nikon,1x,1,T1150003,VB7,,Mid,2of2,External,Tara,l,c
7459_T1150003_VB7_Mid_1of2_Tara_1x1_d_c,7459,Nikon,1x,1,T1150003,VB7,,Mid,1of2,External,Tara,d,c
7460_T1150003_VB7_Mid_1of2_Tara_1x1_l_c,7460,Nikon,1x,1,T1150003,VB7,,Mid,1of2,External,Tara,l,c
7462_T1150003_VB7_Mid_1of2_Tara_1x1_d_c,7462,Nikon,1x,1,T1150003,VB7,,Mid,1of2,External,Tara,d,c
7463_T1150003_VB7_Mid_1of2_Tara_1x1_l_c,7463,Nikon,1x,1,T1150003,VB7,,Mid,1of2,External,Tara,l,c
7465_T1150003_VB7_Mid_2of2_Tara_1x1_d_c,7465,Nikon,1x,1,T1150003,VB7,,Mid,2of2,External,Tara,d,c
7466_T1150003_VB7_Mid_2of2_Tara_1x1_l_c,7466,Nikon,1x,1,T1150003,VB7,,Mid,2of2,External,Tara,l,c
7468_T1150003_-_Top_1of2_Tara_1x1_d_c,7468,Nikon,1x,1,T1150003,,,Top,1of2,External,Tara,d,c
7469_T1150003_-_Top_1of2_Tara_1x1_l_c,7469,Nikon,1x,1,T1150003,,,Top,1of2,External,Tara,l,c
7471_T1150003_-_Top_2of2_Tara_1x1_d_c,7471,Nikon,1x,1,T1150003,,,Top,2of2,External,Tara,d,c
7472_T1150003_-_Top_2of2_Tara_1x1_l_c,7472,Nikon,1x,1,T1150003,,,Top,2of2,External,Tara,l,c
7474_T1150003_-_Top_1of1_Tara_1x1_d_c,7474,Nikon,1x,1,T1150003,,,Top,1of1,Solo,Tara,d,c
7475_T1150003_-_Top_1of1_Tara_1x1_l_c,7475,Nikon,1x,1,T1150003,,,Top,1of1,Solo,Tara,l,c
7477_T1150003_-_Top_1of1_Tara_1x1_d_c,7477,Nikon,1x,1,T1150003,,,Top,1of1,Solo,Tara,d,c
7478_T1150003_-_Top_1of1_Tara_1x1_l_c,7478,Nikon,1x,1,T1150003,,,Top,1of1,Solo,Tara,l,c
7480_T1150003_VB2_Top_1of1_Tara_1x1_d_c,7480,Nikon,1x,1,T1150003,VB2,,Top,1of1,Solo,Tara,d,c
7481_T1150003_VB2_Top_1of1_Tara_1x1_l_c,7481,Nikon,1x,1,T1150003,VB2,,Top,1of1,Solo,Tara,l,c
7483_T1150003_VB2_Top_1of1_Tara_1x1_d_c,7483,Nikon,1x,1,T1150003,VB2,,Top,1of1,Solo,Tara,d,c
7484_T1150003_VB2_Top_1of1_Tara_1x1_l_c,7484,Nikon,1x,1,T1150003,VB2,,Top,1of1,Solo,Tara,l,c
7486_T1150003_VB3_Top_1of2_Tara_1x1_d_c,7486,Nikon,1x,1,T1150003,VB3,,Top,1of2,External,Tara,d,c
7487_T1150003_VB3_Top_1of2_Tara_1x1_l_c,7487,Nikon,1x,1,T1150003,VB3,,Top,1of2,External,Tara,l,c
7489_T1150003_VB3_Top_2of2_Tara_1x1_d_c,7489,Nikon,1x,1,T1150003,VB3,,Top,2of2,External,Tara,d,c
7490_T1150003_VB3_Top_2of2_Tara_1x1_l_c,7490,Nikon,1x,1,T1150003,VB3,,Top,2of2,External,Tara,l,c
7492_T1150003_VB3_Top_1of2_Tara_1x1_d_c,7492,Nikon,1x,1,T1150003,VB3,,Top,1of2,External,Tara,d,c
7493_T1150003_VB3_Top_1of2_Tara_1x1_l_c,7493,Nikon,1x,1,T1150003,VB3,,Top,1of2,External,Tara,l,c
7495_TRI11509_-_Base_1of2_Tara_1x1_d_glm,7495,Nikon,1x,1,TRI11509,-,,Base,1of2,External,Tara,d,glm
7496_TRI11509_-_Base_1of2_Tara_1x1_l_glm,7496,Nikon,1x,1,TRI11509,-,,Base,1of2,External,Tara,l,glm
7497_TRI11509_-_Base_2of2_Tara_1x1_d_glm,7497,Nikon,1x,1,TRI11509,-,,Base,2of2,External,Tara,d,glm
7498_TRI11509_-_Base_2of2_Tara_1x1_l_glm,7498,Nikon,1x,1,TRI11509,-,,Base,2of2,External,Tara,l,glm
7499_TRI11509_-_Base_1of2_Tara_1x1_d_glm,7499,Nikon,1x,1,TRI11509,-,,Base,1of2,External,Tara,d,glm
7500_TRI11509_-_Base_1of2_Tara_1x1_l_glm,7500,Nikon,1x,1,TRI11509,-,,Base,1of2,External,Tara,l,glm
7501_TRI11509_-_Base_2of2_Tara_1x1_d_glm,7501,Nikon,1x,1,TRI11509,-,,Base,2of2,External,Tara,d,glm
7502_TRI11509_-_Base_2of2_Tara_1x1_l_glm,7502,Nikon,1x,1,TRI11509,-,,Base,2of2,External,Tara,l,glm
7503_TRI11509_VB12_Base_1of2_Tara_1x1_d_glm,7503,Nikon,1x,1,TRI11509,VB12,,Base,1of2,External,Tara,d,glm
7504_TRI11509_VB12_Base_1of2_Tara_1x1_l_glm,7504,Nikon,1x,1,TRI11509,VB12,,Base,1of2,External,Tara,l,glm
7505_TRI11509_VB12_Base_2of2_Tara_1x1_d_glm,7505,Nikon,1x,1,TRI11509,VB12,,Base,2of2,External,Tara,d,glm
7506_TRI11509_VB12_Base_2of2_Tara_1x1_l_glm,7506,Nikon,1x,1,TRI11509,VB12,,Base,2of2,External,Tara,l,glm
7507_TRI11509_VB12_Base_1of1_Tara_1x1_d_glm,7507,Nikon,1x,1,TRI11509,VB12,,Base,1of1,Solo,Tara,d,glm
7508_TRI11509_VB12_Base_1of1_Tara_1x1_l_glm,7508,Nikon,1x,1,TRI11509,VB12,,Base,1of1,Solo,Tara,l,glm
7509_TRI11509_VB12_Base_1of1_Tara_1x1_d_glm,7509,Nikon,1x,1,TRI11509,VB12,,Base,1of1,Solo,Tara,d,glm
7510_TRI11509_VB12_Base_1of1_Tara_1x1_l_glm,7510,Nikon,1x,1,TRI11509,VB12,,Base,1of1,Solo,Tara,l,glm
7511_TRI11509_VB12_Base_1of2_Tara_1x1_d_glm,7511,Nikon,1x,1,TRI11509,VB12,,Base,1of2,External,Tara,d,glm
7512_TRI11509_VB12_Base_1of2_Tara_1x1_l_glm,7512,Nikon,1x,1,TRI11509,VB12,,Base,1of2,External,Tara,l,glm
7513_TRI11509_VB7_Mid_1of2_Tara_1x1_d_glm,7513,Nikon,1x,1,TRI11509,VB7,,Mid,1of2,External,Tara,d,glm
7514_TRI11509_VB7_Mid_1of2_Tara_1x1_l_glm,7514,Nikon,1x,1,TRI11509,VB7,,Mid,1of2,External,Tara,l,glm
7515_TRI11509_VB7_Mid_2of2_Tara_1x1_d_glm,7515,Nikon,1x,1,TRI11509,VB7,,Mid,2of2,External,Tara,d,glm
7516_TRI11509_VB7_Mid_2of2_Tara_1x1_l_glm,7516,Nikon,1x,1,TRI11509,VB7,,Mid,2of2,External,Tara,l,glm
7517_TRI11509_VB7_Mid_1of2_Tara_1x1_d_glm,7517,Nikon,1x,1,TRI11509,VB7,,Mid,1of2,External,Tara,d,glm
7518_TRI11509_VB7_Mid_1of2_Tara_1x1_l_glm,7518,Nikon,1x,1,TRI11509,VB7,,Mid,1of2,External,Tara,l,glm
7519_TRI11509_VB7_Mid_2of2_Tara_1x1_d_glm,7519,Nikon,1x,1,TRI11509,VB7,,Mid,2of2,External,Tara,d,glm
7520_TRI11509_VB7_Mid_2of2_Tara_1x1_l_glm,7520,Nikon,1x,1,TRI11509,VB7,,Mid,2of2,External,Tara,l,glm
7521_TRI11509_VB8_Mid_1of2_Tara_1x1_d_glm,7521,Nikon,1x,1,TRI11509,VB8,,Mid,1of2,External,Tara,d,glm
7522_TRI11509_VB8_Mid_1of2_Tara_1x1_l_glm,7522,Nikon,1x,1,TRI11509,VB8,,Mid,1of2,External,Tara,l,glm
7523_TRI11509_VB8_Mid_2of2_Tara_1x1_d_glm,7523,Nikon,1x,1,TRI11509,VB8,,Mid,2of2,External,Tara,d,glm
7524_TRI11509_VB8_Mid_2of2_Tara_1x1_l_glm,7524,Nikon,1x,1,TRI11509,VB8,,Mid,2of2,External,Tara,l,glm
7525_TRI11509_VB8_Mid_1of1_Tara_1x1_d_glm,7525,Nikon,1x,1,TRI11509,VB8,,Mid,1of1,Solo,Tara,d,glm
7526_TRI11509_VB8_Mid_1of1_Tara_1x1_l_glm,7526,Nikon,1x,1,TRI11509,VB8,,Mid,1of1,Solo,Tara,l,glm
7527_TRI11509_VB8_Mid_2of2_Tara_1x1_d_glm,7527,Nikon,1x,1,TRI11509,VB8,,Mid,2of2,External,Tara,d,glm
7528_TRI11509_VB8_Mid_2of2_Tara_1x1_l_glm,7528,Nikon,1x,1,TRI11509,VB8,,Mid,2of2,External,Tara,l,glm
7529_TRI11509_VB8_Mid_1of2_Tara_1x1_d_glm,7529,Nikon,1x,1,TRI11509,VB8,,Mid,1of2,External,Tara,d,glm
7530_TRI11509_VB8_Mid_1of2_Tara_1x1_l_glm,7530,Nikon,1x,1,TRI11509,VB8,,Mid,1of2,External,Tara,l,glm
7531_TRI11509_-_Top_1of1_Tara_1x1_d_glm,7531,Nikon,1x,1,TRI11509,-,,Top,1of1,Solo,Tara,d,glm
7532_TRI11509_-_Top_1of1_Tara_1x1_l_glm,7532,Nikon,1x,1,TRI11509,-,,Top,1of1,Solo,Tara,l,glm
7533_TRI11509_-_Top_1of2_Tara_1x1_d_glm,7533,Nikon,1x,1,TRI11509,-,,Top,1of2,External,Tara,d,glm
7534_TRI11509_-_Top_1of2_Tara_1x1_l_glm,7534,Nikon,1x,1,TRI11509,-,,Top,1of2,External,Tara,l,glm
7535_TRI11509_-_Top_2of2_Tara_1x1_d_glm,7535,Nikon,1x,1,TRI11509,-,,Top,2of2,External,Tara,d,glm
7536_TRI11509_-_Top_2of2_Tara_1x1_l_glm,7536,Nikon,1x,1,TRI11509,-,,Top,2of2,External,Tara,l,glm
7537_TRI11509_-_Top_1of2_Tara_1x1_d_glm,7537,Nikon,1x,1,TRI11509,-,,Top,1of2,External,Tara,d,glm
7538_TRI11509_-_Top_1of2_Tara_1x1_l_glm,7538,Nikon,1x,1,TRI11509,-,,Top,1of2,External,Tara,l,glm
7539_TRI11509_-_Top_2of2_Tara_1x1_d_glm,7539,Nikon,1x,1,TRI11509,-,,Top,2of2,External,Tara,d,glm
7540_TRI11509_-_Top_2of2_Tara_1x1_l_glm,7540,Nikon,1x,1,TRI11509,-,,Top,2of2,External,Tara,l,glm
7541_TRI11509_VB5_Top_1of2_Tara_1x1_d_glm,7541,Nikon,1x,1,TRI11509,VB5,,Top,1of2,External,Tara,d,glm
7542_TRI11509_VB5_Top_1of2_Tara_1x1_l_glm,7542,Nikon,1x,1,TRI11509,VB5,,Top,1of2,External,Tara,l,glm
7543_TRI11509_VB5_Top_2of2_Tara_1x1_d_glm,7543,Nikon,1x,1,TRI11509,VB5,,Top,2of2,External,Tara,d,glm
7544_TRI11509_VB5_Top_2of2_Tara_1x1_l_glm,7544,Nikon,1x,1,TRI11509,VB5,,Top,2of2,External,Tara,l,glm
7545_TRI11509_VB5_Top_1of2_Tara_1x1_d_glm,7545,Nikon,1x,1,TRI11509,VB5,,Top,1of2,External,Tara,d,glm
7546_TRI11509_VB5_Top_1of2_Tara_1x1_l_glm,7546,Nikon,1x,1,TRI11509,VB5,,Top,1of2,External,Tara,l,glm
7547_TRI11509_VB5_Top_2of2_Tara_1x1_d_glm,7547,Nikon,1x,1,TRI11509,VB5,,Top,2of2,External,Tara,d,glm
7548_TRI11509_VB5_Top_2of2_Tara_1x1_l_glm,7548,Nikon,1x,1,TRI11509,VB5,,Top,2of2,External,Tara,l,glm
